<?xml version="1.0" encoding="UTF-8"?>
<!--Sample XML file generated by XMLSpy v2017 rel. 3 sp1 (x64) (http://www.altova.com)-->
<u8:GS_RES xmlns:u8="urn:GS" xmlns:xsi="http://www.w3.org/2001/XMLSchema-instance" xsi:schemaLocation="urn:GS GS_RES.xsd">
	<u8:ResponseId></u8:ResponseId>
	<u8:Subject>
		<u8:CBSubjectId></u8:CBSubjectId>
		<u8:ProviderSubjectNo></u8:ProviderSubjectNo>
		<u8:Individual>
			<u8:FirstNameENHistory>
				<u8:FirstNameENData>
					<u8:UID></u8:UID>
					<u8:FirstNameEN></u8:FirstNameEN>
					<u8:ActualFlag></u8:ActualFlag>
					<u8:FlagOpenRectification></u8:FlagOpenRectification>
				</u8:FirstNameENData>
			</u8:FirstNameENHistory>
			<u8:LastNameENHistory>
				<u8:LastNameENData>
					<u8:UID></u8:UID>
					<u8:LastNameEN></u8:LastNameEN>
					<u8:ActualFlag></u8:ActualFlag>
					<u8:FlagOpenRectification></u8:FlagOpenRectification>
				</u8:LastNameENData>
			</u8:LastNameENHistory>
			<u8:FullNameENHistory>
				<u8:FullNameENData>
					<u8:UID></u8:UID>
					<u8:FullNameEN></u8:FullNameEN>
					<u8:ActualFlag></u8:ActualFlag>
					<u8:FlagOpenRectification></u8:FlagOpenRectification>
				</u8:FullNameENData>
			</u8:FullNameENHistory>
			<u8:FirstNameARHistory>
				<u8:FirstNameARData>
					<u8:UID></u8:UID>
					<u8:FirstNameAR></u8:FirstNameAR>
					<u8:ActualFlag></u8:ActualFlag>
					<u8:FlagOpenRectification></u8:FlagOpenRectification>
				</u8:FirstNameARData>
			</u8:FirstNameARHistory>
			<u8:LastNameARHistory>
				<u8:LastNameARData>
					<u8:UID></u8:UID>
					<u8:LastNameAR></u8:LastNameAR>
					<u8:ActualFlag></u8:ActualFlag>
					<u8:FlagOpenRectification></u8:FlagOpenRectification>
				</u8:LastNameARData>
			</u8:LastNameARHistory>
			<u8:FullNameARHistory>
				<u8:FullNameARData>
					<u8:UID></u8:UID>
					<u8:FullNameAR></u8:FullNameAR>
					<u8:ActualFlag></u8:ActualFlag>
					<u8:FlagOpenRectification></u8:FlagOpenRectification>
				</u8:FullNameARData>
			</u8:FullNameARHistory>
			<u8:GenderHistory>
				<u8:GenderData>
					<u8:UID></u8:UID>
					<u8:Gender></u8:Gender>
					<u8:ActualFlag></u8:ActualFlag>
					<u8:FlagOpenRectification></u8:FlagOpenRectification>
				</u8:GenderData>
			</u8:GenderHistory>
			<u8:DOBHistory>
				<u8:DOBData>
					<u8:UID></u8:UID>
					<u8:DOB></u8:DOB>
					<u8:ActualFlag></u8:ActualFlag>
					<u8:FlagOpenRectification></u8:FlagOpenRectification>
				</u8:DOBData>
			</u8:DOBHistory>
			<u8:NationalityHistory>
				<u8:NationalityData>
					<u8:UID></u8:UID>
					<u8:Nationality></u8:Nationality>
					<u8:ActualFlag></u8:ActualFlag>
					<u8:FlagOpenRectification></u8:FlagOpenRectification>
				</u8:NationalityData>
			</u8:NationalityHistory>
			<u8:TitleHistory>
				<u8:TitleData>
					<u8:UID></u8:UID>
					<u8:Title></u8:Title>
					<u8:ActualFlag></u8:ActualFlag>
					<u8:FlagOpenRectification></u8:FlagOpenRectification>
				</u8:TitleData>
			</u8:TitleHistory>
			<u8:ResidentFlagHistory>
				<u8:ResidentFlagData>
					<u8:UID></u8:UID>
					<u8:ResidentFlag></u8:ResidentFlag>
					<u8:ActualFlag></u8:ActualFlag>
					<u8:FlagOpenRectification></u8:FlagOpenRectification>
				</u8:ResidentFlagData>
			</u8:ResidentFlagHistory>
			<u8:PassportHistory>
				<u8:PassportData>
					<u8:UID></u8:UID>
					<u8:PassportNo></u8:PassportNo>
					<u8:PassportExpiryDate></u8:PassportExpiryDate>
					<u8:ActualFlag></u8:ActualFlag>
					<u8:FlagOpenRectification></u8:FlagOpenRectification>
				</u8:PassportData>
			</u8:PassportHistory>
			<u8:DrivingLicenseHistory>
				<u8:DrivingLicenseData>
					<u8:UID></u8:UID>
					<u8:DrivingLicenseNo></u8:DrivingLicenseNo>
					<u8:ActualFlag></u8:ActualFlag>
					<u8:FlagOpenRectification></u8:FlagOpenRectification>
				</u8:DrivingLicenseData>
			</u8:DrivingLicenseHistory>
			<u8:EmiratesIdHistory>
				<u8:EmiratesIdData>
					<u8:UID></u8:UID>
					<u8:EmiratesId></u8:EmiratesId>
					<u8:ActualFlag></u8:ActualFlag>
					<u8:FlagOpenRectification></u8:FlagOpenRectification>
				</u8:EmiratesIdData>
			</u8:EmiratesIdHistory>
			<u8:AddressHistory>
				<u8:AddressData>
					<u8:UID></u8:UID>
					<u8:Emirate></u8:Emirate>
					<u8:POBox></u8:POBox>
					<u8:ActualFlag></u8:ActualFlag>
					<u8:FlagOpenRectification></u8:FlagOpenRectification>
				</u8:AddressData>
			</u8:AddressHistory>
			<u8:ContactHistory>
				<u8:ContactData>
					<u8:UID></u8:UID>
					<u8:ContactType></u8:ContactType>
					<u8:Contact></u8:Contact>
					<u8:ActualFlag></u8:ActualFlag>
					<u8:FlagOpenRectification></u8:FlagOpenRectification>
				</u8:ContactData>
			</u8:ContactHistory>
			<u8:EmploymentHistory>
				<u8:EmploymentInfo>
					<u8:UID></u8:UID>
					<u8:Name></u8:Name>
					<u8:GrossAnnualIncome></u8:GrossAnnualIncome>
					<u8:ActualFlag></u8:ActualFlag>
					<u8:FlagOpenRectification></u8:FlagOpenRectification>
				</u8:EmploymentInfo>
			</u8:EmploymentHistory>
		</u8:Individual>
	</u8:Subject>
</u8:GS_RES>