<?xml version="1.0" encoding="UTF-8"?>
<!--Sample XML file generated by XMLSpy v2017 rel. 3 sp1 (x64) (http://www.altova.com)-->
<u8:GS_RES xmlns:u8="urn:GS" xmlns:xsi="http://www.w3.org/2001/XMLSchema-instance" xsi:schemaLocation="urn:GS GS_RES.xsd">
	<u8:ResponseId></u8:ResponseId>
	<u8:Subject>
		<u8:CBSubjectId></u8:CBSubjectId>
		<u8:ProviderSubjectNo></u8:ProviderSubjectNo>
		<u8:Company>
			<u8:TradeNameHistory>
				<u8:TradeNameData>
					<u8:UID></u8:UID>
					<u8:TradeName></u8:TradeName>
					<u8:ActualFlag></u8:ActualFlag>
					<u8:FlagOpenRectification></u8:FlagOpenRectification>
				</u8:TradeNameData>
			</u8:TradeNameHistory>
			<u8:TradeNameARHistory>
				<u8:TradeNameARData>
					<u8:UID></u8:UID>
					<u8:TradeNameAR></u8:TradeNameAR>
					<u8:ActualFlag></u8:ActualFlag>
					<u8:FlagOpenRectification></u8:FlagOpenRectification>
				</u8:TradeNameARData>
			</u8:TradeNameARHistory>
			<u8:DateOfEstablishmentHistory>
				<u8:DateOfEstablishmentData>
					<u8:UID></u8:UID>
					<u8:DateOfEstablishment></u8:DateOfEstablishment>
					<u8:ActualFlag></u8:ActualFlag>
					<u8:FlagOpenRectification></u8:FlagOpenRectification>
				</u8:DateOfEstablishmentData>
			</u8:DateOfEstablishmentHistory>
			<u8:TradeLicenseHistory>
				<u8:TradeLicense>
					<u8:UID></u8:UID>
					<u8:RegistrationPlace></u8:RegistrationPlace>
					<u8:Number></u8:Number>
					<u8:ActualFlag></u8:ActualFlag>
					<u8:FlagOpenRectification></u8:FlagOpenRectification>
				</u8:TradeLicense>
			</u8:TradeLicenseHistory>
			<u8:AddressHistory>
				<u8:AddressData>
					<u8:UID></u8:UID>
					<u8:Emirate></u8:Emirate>
					<u8:POBox></u8:POBox>
					<u8:ActualFlag></u8:ActualFlag>
					<u8:FlagOpenRectification></u8:FlagOpenRectification>
				</u8:AddressData>
			</u8:AddressHistory>
			<u8:ContactHistory>
				<u8:ContactData>
					<u8:UID></u8:UID>
					<u8:ContactType></u8:ContactType>
					<u8:Contact></u8:Contact>
					<u8:ActualFlag></u8:ActualFlag>
					<u8:FlagOpenRectification></u8:FlagOpenRectification>
				</u8:ContactData>
			</u8:ContactHistory>
		</u8:Company>
	</u8:Subject>
</u8:GS_RES>
