<soapenv:Envelope xmlns:soapenv="http://schemas.xmlsoap.org/soap/envelope/" xmlns:urn="urn:crif-message:2006-08-23" xmlns:urn1="urn:crif-messagegateway:2006-08-23">
   <soapenv:Header>
      <urn:Message GId="Group Id Here" MId="Message Id Here" MTs="2017-07-23T06:11:14+00:00">
         <!--Optional:-->
         <urn:C UD="?" UId="Username Here" UPwd="Password Here">
            <!--You may enter ANY elements at this point-->
         </urn:C>
         <!--Zero or more repetitions:-->
         <urn:P SId="CB" PId="SU" PNs="urn:uae-message:2014-06-01">
            <!--You may enter ANY elements at this point-->
         </urn:P>
         <!--Optional:-->
         <urn:Tx TxNs="urn:crif-messagegateway:2006-08-23">
            <!--You may enter ANY elements at this point-->
         </urn:Tx>
         <!--You may enter ANY elements at this point-->
      </urn:Message>
   </soapenv:Header>
   <soapenv:Body>
      <urn1:MGRequest><![CDATA[<?xml version="1.0" encoding="UTF-8"?>
<!--Sample XML file generated by XMLSpy v2017 rel. 3 sp1 (x64) (http://www.altova.com)-->
<u9:SU_REQ xmlns:u9="urn:SU" xmlns:xsi="http://www.w3.org/2001/XMLSchema-instance" xsi:schemaLocation="urn:SU SU_REQ.xsd">
	<u9:Subject>
		<u9:CBSubjectId></u9:CBSubjectId>
		<u9:ProviderSubjectNo></u9:ProviderSubjectNo>
		<u9:Individual>
			<u9:FirstNameENHistory>
				<u9:FirstNameENData>
					<u9:UID></u9:UID>
					<u9:FirstNameEN></u9:FirstNameEN>
					<u9:ActualFlag></u9:ActualFlag>
					<u9:FlagOpenRectification></u9:FlagOpenRectification>
				</u9:FirstNameENData>
			</u9:FirstNameENHistory>
			<u9:LastNameENHistory>
				<u9:LastNameENData>
					<u9:UID></u9:UID>
					<u9:LastNameEN></u9:LastNameEN>
					<u9:ActualFlag></u9:ActualFlag>
					<u9:FlagOpenRectification></u9:FlagOpenRectification>
				</u9:LastNameENData>
			</u9:LastNameENHistory>
			<u9:FullNameENHistory>
				<u9:FullNameENData>
					<u9:UID></u9:UID>
					<u9:FullNameEN></u9:FullNameEN>
					<u9:ActualFlag></u9:ActualFlag>
					<u9:FlagOpenRectification></u9:FlagOpenRectification>
				</u9:FullNameENData>
			</u9:FullNameENHistory>
			<u9:FirstNameARHistory>
				<u9:FirstNameARData>
					<u9:UID></u9:UID>
					<u9:FirstNameAR></u9:FirstNameAR>
					<u9:ActualFlag></u9:ActualFlag>
					<u9:FlagOpenRectification></u9:FlagOpenRectification>
				</u9:FirstNameARData>
			</u9:FirstNameARHistory>
			<u9:LastNameARHistory>
				<u9:LastNameARData>
					<u9:UID></u9:UID>
					<u9:LastNameAR></u9:LastNameAR>
					<u9:ActualFlag></u9:ActualFlag>
					<u9:FlagOpenRectification></u9:FlagOpenRectification>
				</u9:LastNameARData>
			</u9:LastNameARHistory>
			<u9:FullNameARHistory>
				<u9:FullNameARData>
					<u9:UID></u9:UID>
					<u9:FullNameAR></u9:FullNameAR>
					<u9:ActualFlag></u9:ActualFlag>
					<u9:FlagOpenRectification></u9:FlagOpenRectification>
				</u9:FullNameARData>
			</u9:FullNameARHistory>
			<u9:GenderHistory>
				<u9:GenderData>
					<u9:UID></u9:UID>
					<u9:Gender></u9:Gender>
					<u9:ActualFlag></u9:ActualFlag>
					<u9:FlagOpenRectification></u9:FlagOpenRectification>
				</u9:GenderData>
			</u9:GenderHistory>
			<u9:DOBHistory>
				<u9:DOBData>
					<u9:UID></u9:UID>
					<u9:DOB></u9:DOB>
					<u9:ActualFlag></u9:ActualFlag>
					<u9:FlagOpenRectification></u9:FlagOpenRectification>
				</u9:DOBData>
			</u9:DOBHistory>
			<u9:NationalityHistory>
				<u9:NationalityData>
					<u9:UID></u9:UID>
					<u9:Nationality></u9:Nationality>
					<u9:ActualFlag></u9:ActualFlag>
					<u9:FlagOpenRectification></u9:FlagOpenRectification>
				</u9:NationalityData>
			</u9:NationalityHistory>
			<u9:TitleHistory>
				<u9:TitleData>
					<u9:UID></u9:UID>
					<u9:Title></u9:Title>
					<u9:ActualFlag></u9:ActualFlag>
					<u9:FlagOpenRectification></u9:FlagOpenRectification>
				</u9:TitleData>
			</u9:TitleHistory>
			<u9:ResidentFlagHistory>
				<u9:ResidentFlagData>
					<u9:UID></u9:UID>
					<u9:ResidentFlag></u9:ResidentFlag>
					<u9:ActualFlag></u9:ActualFlag>
					<u9:FlagOpenRectification></u9:FlagOpenRectification>
				</u9:ResidentFlagData>
			</u9:ResidentFlagHistory>
			<u9:PassportHistory>
				<u9:PassportData>
					<u9:UID></u9:UID>
					<u9:PassportNo></u9:PassportNo>
					<u9:PassportExpiryDate></u9:PassportExpiryDate>
					<u9:ActualFlag></u9:ActualFlag>
					<u9:FlagOpenRectification></u9:FlagOpenRectification>
				</u9:PassportData>
			</u9:PassportHistory>
			<u9:DrivingLicenseHistory>
				<u9:DrivingLicenseData>
					<u9:UID></u9:UID>
					<u9:DrivingLicenseNo></u9:DrivingLicenseNo>
					<u9:ActualFlag></u9:ActualFlag>
					<u9:FlagOpenRectification></u9:FlagOpenRectification>
				</u9:DrivingLicenseData>
			</u9:DrivingLicenseHistory>
			<u9:EmiratesIdHistory>
				<u9:EmiratesIdData>
					<u9:UID></u9:UID>
					<u9:EmiratesId></u9:EmiratesId>
					<u9:ActualFlag></u9:ActualFlag>
					<u9:FlagOpenRectification></u9:FlagOpenRectification>
				</u9:EmiratesIdData>
			</u9:EmiratesIdHistory>
			<u9:AddressHistory>
				<u9:AddressData>
					<u9:UID></u9:UID>
					<u9:Emirate></u9:Emirate>
					<u9:POBox></u9:POBox>
					<u9:ActualFlag></u9:ActualFlag>
					<u9:FlagOpenRectification></u9:FlagOpenRectification>
				</u9:AddressData>
			</u9:AddressHistory>
			<u9:ContactHistory>
				<u9:ContactData>
					<u9:UID></u9:UID>
					<u9:ContactType></u9:ContactType>
					<u9:Contact></u9:Contact>
					<u9:ActualFlag></u9:ActualFlag>
					<u9:FlagOpenRectification></u9:FlagOpenRectification>
				</u9:ContactData>
			</u9:ContactHistory>
			<u9:EmploymentHistory>
				<u9:EmploymentInfo>
					<u9:UID></u9:UID>
					<u9:Name></u9:Name>
					<u9:GrossAnnualIncome></u9:GrossAnnualIncome>
					<u9:ActualFlag></u9:ActualFlag>
					<u9:FlagOpenRectification></u9:FlagOpenRectification>
				</u9:EmploymentInfo>
			</u9:EmploymentHistory>
		</u9:Individual>
	</u9:Subject>
</u9:SU_REQ>]]>
      </urn1:MGRequest>
   </soapenv:Body>
</soapenv:Envelope>
