<soapenv:Envelope xmlns:soapenv="http://schemas.xmlsoap.org/soap/envelope/" xmlns:urn="urn:crif-message:2006-08-23" xmlns:urn1="urn:crif-messagegateway:2006-08-23">
   <soapenv:Header>
      <urn:Message GId="Group Id Here" MId="Message Id Here" MTs="2017-07-23T06:11:14+00:00">
         <!--Optional:-->
         <urn:C UD="?" UId="Username Here" UPwd="Password Here">
            <!--You may enter ANY elements at this point-->
         </urn:C>
         <!--Zero or more repetitions:-->
         <urn:P SId="CB" PId="SU" PNs="urn:uae-message:2014-06-01">
            <!--You may enter ANY elements at this point-->
         </urn:P>
         <!--Optional:-->
         <urn:Tx TxNs="urn:crif-messagegateway:2006-08-23">
            <!--You may enter ANY elements at this point-->
         </urn:Tx>
         <!--You may enter ANY elements at this point-->
      </urn:Message>
   </soapenv:Header>
   <soapenv:Body>
      <urn1:MGRequest><![CDATA[<?xml version="1.0" encoding="UTF-8"?>
<!--Sample XML file generated by XMLSpy v2017 rel. 3 sp1 (x64) (http://www.altova.com)-->
<u9:SU_REQ xmlns:u9="urn:SU" xmlns:xsi="http://www.w3.org/2001/XMLSchema-instance" xsi:schemaLocation="urn:SU SU_REQ.xsd">
	<u9:Subject>
		<u9:CBSubjectId></u9:CBSubjectId>
		<u9:ProviderSubjectNo></u9:ProviderSubjectNo>
		<u9:Company>
			<u9:TradeNameHistory>
				<u9:TradeNameData>
					<u9:UID></u9:UID>
					<u9:TradeName></u9:TradeName>
					<u9:ActualFlag></u9:ActualFlag>
					<u9:FlagOpenRectification></u9:FlagOpenRectification>
				</u9:TradeNameData>
			</u9:TradeNameHistory>
			<u9:TradeNameARHistory>
				<u9:TradeNameARData>
					<u9:UID></u9:UID>
					<u9:TradeNameAR></u9:TradeNameAR>
					<u9:ActualFlag></u9:ActualFlag>
					<u9:FlagOpenRectification></u9:FlagOpenRectification>
				</u9:TradeNameARData>
			</u9:TradeNameARHistory>
			<u9:DateOfEstablishmentHistory>
				<u9:DateOfEstablishmentData>
					<u9:UID></u9:UID>
					<u9:DateOfEstablishment></u9:DateOfEstablishment>
					<u9:ActualFlag></u9:ActualFlag>
					<u9:FlagOpenRectification></u9:FlagOpenRectification>
				</u9:DateOfEstablishmentData>
			</u9:DateOfEstablishmentHistory>
			<u9:TradeLicenseHistory>
				<u9:TradeLicense>
					<u9:UID></u9:UID>
					<u9:RegistrationPlace></u9:RegistrationPlace>
					<u9:Number></u9:Number>
					<u9:ActualFlag></u9:ActualFlag>
					<u9:FlagOpenRectification></u9:FlagOpenRectification>
				</u9:TradeLicense>
			</u9:TradeLicenseHistory>
			<u9:AddressHistory>
				<u9:AddressData>
					<u9:UID></u9:UID>
					<u9:Emirate></u9:Emirate>
					<u9:POBox></u9:POBox>
					<u9:ActualFlag></u9:ActualFlag>
					<u9:FlagOpenRectification></u9:FlagOpenRectification>
				</u9:AddressData>
			</u9:AddressHistory>
			<u9:ContactHistory>
				<u9:ContactData>
					<u9:UID></u9:UID>
					<u9:ContactType></u9:ContactType>
					<u9:Contact></u9:Contact>
					<u9:ActualFlag></u9:ActualFlag>
					<u9:FlagOpenRectification></u9:FlagOpenRectification>
				</u9:ContactData>
			</u9:ContactHistory>
		</u9:Company>
	</u9:Subject>
</u9:SU_REQ>]]>
      </urn1:MGRequest>
   </soapenv:Body>
</soapenv:Envelope>
