<soapenv:Envelope xmlns:soapenv="http://schemas.xmlsoap.org/soap/envelope/" xmlns:urn="urn:crif-message:2006-08-23" xmlns:urn1="urn:crif-messagegateway:2006-08-23">
  <soapenv:Header>
       <urn:Message GId="Group Id Here" MId="Message Id Here" MTs="2017-07-23T06:11:14+00:00">
         <!--Optional:-->
         <urn:C UD="?" UId="Username Here" UPwd="Password Here">
            <!--You may enter ANY elements at this point-->
         </urn:C>
         <!--Zero or more repetitions:-->
         <urn:P SId="CB" PId="AAE" PNs="urn:uae-message:2014-06-01">
            <!--You may enter ANY elements at this point-->
         </urn:P>
         <!--Optional:-->
         <urn:Tx TxNs="urn:crif-messagegateway:2006-08-23">
            <!--You may enter ANY elements at this point-->
         </urn:Tx>
         <!--You may enter ANY elements at this point-->
      </urn:Message>
   </soapenv:Header>
<soapenv:Body>
   <urn1:MGRequest><![CDATA[<?xml version="1.0" encoding="UTF-8"?>
<!--Sample XML file generated by XMLSpy v2017 rel. 3 sp1 (x64) (http://www.altova.com)-->
<u0:AAE_REQ xmlns:u0="urn:AAE" xmlns:xsi="http://www.w3.org/2001/XMLSchema-instance" xsi:schemaLocation="urn:AAE AAE_REQ.xsd">
	<u0:ConsentFlag></u0:ConsentFlag>
	<u0:ProviderApplicationNo></u0:ProviderApplicationNo>
	<u0:Role></u0:Role>
	<u0:Subject>
		<u0:ProviderSubjectNo></u0:ProviderSubjectNo>
		<u0:Individual>
			<u0:FullNameEN></u0:FullNameEN>
			<u0:Gender></u0:Gender>
			<u0:DOB></u0:DOB>
			<u0:Nationality></u0:Nationality>
			<u0:EmiratesId></u0:EmiratesId>
			<u0:PassportNo></u0:PassportNo>
			<u0:PassportExpiryDate></u0:PassportExpiryDate>
			<u0:PreviousPassportNo></u0:PreviousPassportNo>
			<u0:DrivingLicenseNo></u0:DrivingLicenseNo>
			<u0:PrimaryMobileNo></u0:PrimaryMobileNo>
		</u0:Individual>
	</u0:Subject>
</u0:AAE_REQ>]]>
      </urn1:MGRequest>
   </soapenv:Body>
</soapenv:Envelope>
