<?xml version="1.0" encoding="UTF-8"?>
<!--Sample XML file generated by XMLSpy v2017 rel. 3 sp1 (x64) (http://www.altova.com)-->
<u0:AAE_RES xmlns:u0="urn:AAE" xmlns:xsi="http://www.w3.org/2001/XMLSchema-instance" xsi:schemaLocation="urn:AAE AAE_RES.xsd">
	<u0:ResponseId></u0:ResponseId>
	<u0:Application>
		<u0:CBContractId></u0:CBContractId>
		<u0:ProviderContractNo></u0:ProviderContractNo>
	</u0:Application>
	<u0:EnquiredSubject>
		<u0:ProviderSubjectNo></u0:ProviderSubjectNo>
		<u0:Individual>
			<u0:FullNameEN></u0:FullNameEN>
			<u0:Gender></u0:Gender>
			<u0:DOB></u0:DOB>
			<u0:Nationality></u0:Nationality>
			<u0:EmiratesId></u0:EmiratesId>
			<u0:PassportNo></u0:PassportNo>
			<u0:PassportExpiryDate></u0:PassportExpiryDate>
			<u0:PreviousPassportNo></u0:PreviousPassportNo>
			<u0:DrivingLicenseNo></u0:DrivingLicenseNo>
			<u0:PrimaryMobileNo></u0:PrimaryMobileNo>
		</u0:Individual>
	</u0:EnquiredSubject>
	<u0:NewCBSubjectId></u0:NewCBSubjectId>
	<u0:Response>
		<u0:MatchedSubject>
			<u0:CBSubjectId></u0:CBSubjectId>
			<u0:ProviderSubjectNo></u0:ProviderSubjectNo>
			<u0:Individual>
				<u0:NameEN>
					<u0:FirstName></u0:FirstName>
					<u0:LastName></u0:LastName>
				</u0:NameEN>
				<u0:FirstNameENHistory>
					<u0:UpdateInfo>
						<u0:ProviderNo></u0:ProviderNo>
						<u0:DateOfUpdate></u0:DateOfUpdate>
					</u0:UpdateInfo>
					<u0:FirstNameENData>
						<u0:FirstNameEN></u0:FirstNameEN>
						<u0:ActualFlag></u0:ActualFlag>
					</u0:FirstNameENData>
				</u0:FirstNameENHistory>
				<u0:LastNameENHistory>
					<u0:UpdateInfo>
						<u0:ProviderNo></u0:ProviderNo>
						<u0:DateOfUpdate></u0:DateOfUpdate>
					</u0:UpdateInfo>
					<u0:LastNameENData>
						<u0:LastNameEN></u0:LastNameEN>
						<u0:ActualFlag></u0:ActualFlag>
					</u0:LastNameENData>
				</u0:LastNameENHistory>
				<u0:FullNameEN></u0:FullNameEN>
				<u0:FullNameENHistory>
					<u0:UpdateInfo>
						<u0:ProviderNo></u0:ProviderNo>
						<u0:DateOfUpdate></u0:DateOfUpdate>
					</u0:UpdateInfo>
					<u0:FullNameENData>
						<u0:FullNameEN></u0:FullNameEN>
						<u0:ActualFlag></u0:ActualFlag>
					</u0:FullNameENData>
				</u0:FullNameENHistory>
				<u0:NameAR>
					<u0:FirstName></u0:FirstName>
					<u0:LastName></u0:LastName>
				</u0:NameAR>
				<u0:FirstNameARHistory>
					<u0:UpdateInfo>
						<u0:ProviderNo></u0:ProviderNo>
						<u0:DateOfUpdate></u0:DateOfUpdate>
					</u0:UpdateInfo>
					<u0:FirstNameARData>
						<u0:FirstNameAR></u0:FirstNameAR>
						<u0:ActualFlag></u0:ActualFlag>
					</u0:FirstNameARData>
				</u0:FirstNameARHistory>
				<u0:LastNameARHistory>
					<u0:UpdateInfo>
						<u0:ProviderNo></u0:ProviderNo>
						<u0:DateOfUpdate></u0:DateOfUpdate>
					</u0:UpdateInfo>
					<u0:LastNameARData>
						<u0:LastNameAR></u0:LastNameAR>
						<u0:ActualFlag></u0:ActualFlag>
					</u0:LastNameARData>
				</u0:LastNameARHistory>
				<u0:FullNameAR></u0:FullNameAR>
				<u0:FullNameARHistory>
					<u0:UpdateInfo>
						<u0:ProviderNo></u0:ProviderNo>
						<u0:DateOfUpdate></u0:DateOfUpdate>
					</u0:UpdateInfo>
					<u0:FullNameARData>
						<u0:FullNameAR></u0:FullNameAR>
						<u0:ActualFlag></u0:ActualFlag>
					</u0:FullNameARData>
				</u0:FullNameARHistory>
				<u0:Gender></u0:Gender>
				<u0:GenderHistory>
					<u0:UpdateInfo>
						<u0:ProviderNo></u0:ProviderNo>
						<u0:DateOfUpdate></u0:DateOfUpdate>
					</u0:UpdateInfo>
					<u0:GenderData>
						<u0:Gender></u0:Gender>
						<u0:ActualFlag></u0:ActualFlag>
					</u0:GenderData>
				</u0:GenderHistory>
				<u0:DOB></u0:DOB>
				<u0:DOBHistory>
					<u0:UpdateInfo>
						<u0:ProviderNo></u0:ProviderNo>
						<u0:DateOfUpdate></u0:DateOfUpdate>
					</u0:UpdateInfo>
					<u0:DOBData>
						<u0:DOB></u0:DOB>
						<u0:ActualFlag></u0:ActualFlag>
					</u0:DOBData>
				</u0:DOBHistory>
				<u0:NationalityHistory>
					<u0:UpdateInfo>
						<u0:ProviderNo></u0:ProviderNo>
						<u0:DateOfUpdate></u0:DateOfUpdate>
					</u0:UpdateInfo>
					<u0:NationalityData>
						<u0:Nationality></u0:Nationality>
						<u0:ActualFlag></u0:ActualFlag>
					</u0:NationalityData>
				</u0:NationalityHistory>
				<u0:Title></u0:Title>
				<u0:TitleHistory>
					<u0:UpdateInfo>
						<u0:ProviderNo></u0:ProviderNo>
						<u0:DateOfUpdate></u0:DateOfUpdate>
					</u0:UpdateInfo>
					<u0:TitleData>
						<u0:Title></u0:Title>
						<u0:ActualFlag></u0:ActualFlag>
					</u0:TitleData>
				</u0:TitleHistory>
				<u0:ResidentFlag></u0:ResidentFlag>
				<u0:ResidentFlagHistory>
					<u0:UpdateInfo>
						<u0:ProviderNo></u0:ProviderNo>
						<u0:DateOfUpdate></u0:DateOfUpdate>
					</u0:UpdateInfo>
					<u0:ResidentFlagData>
						<u0:ResidentFlag></u0:ResidentFlag>
						<u0:ActualFlag></u0:ActualFlag>
					</u0:ResidentFlagData>
				</u0:ResidentFlagHistory>
				<u0:PassportHistory>
					<u0:UpdateInfo>
						<u0:ProviderNo></u0:ProviderNo>
						<u0:DateOfUpdate></u0:DateOfUpdate>
					</u0:UpdateInfo>
					<u0:PassportData>
						<u0:PassportNo></u0:PassportNo>
						<u0:PassportExpiryDate></u0:PassportExpiryDate>
						<u0:ActualFlag></u0:ActualFlag>
					</u0:PassportData>
					<u0:FlagOpenDispute></u0:FlagOpenDispute>
				</u0:PassportHistory>
				<u0:DrivingLicenseHistory>
					<u0:UpdateInfo>
						<u0:ProviderNo></u0:ProviderNo>
						<u0:DateOfUpdate></u0:DateOfUpdate>
					</u0:UpdateInfo>
					<u0:DrivingLicenseData>
						<u0:DrivingLicenseNo></u0:DrivingLicenseNo>
						<u0:ActualFlag></u0:ActualFlag>
					</u0:DrivingLicenseData>
					<u0:FlagOpenDispute></u0:FlagOpenDispute>
				</u0:DrivingLicenseHistory>
				<u0:EmiratesIdHistory>
					<u0:UpdateInfo>
						<u0:ProviderNo></u0:ProviderNo>
						<u0:DateOfUpdate></u0:DateOfUpdate>
					</u0:UpdateInfo>
					<u0:EmiratesIdData>
						<u0:EmiratesId></u0:EmiratesId>
						<u0:ActualFlag></u0:ActualFlag>
					</u0:EmiratesIdData>
					<u0:FlagOpenDispute></u0:FlagOpenDispute>
				</u0:EmiratesIdHistory>
				<u0:AddressHistory>
					<u0:UpdateInfo>
						<u0:ProviderNo></u0:ProviderNo>
						<u0:DateOfUpdate></u0:DateOfUpdate>
					</u0:UpdateInfo>
					<u0:AddressData>
						<u0:Emirate></u0:Emirate>
						<u0:Address></u0:Address>
						<u0:AddressAR></u0:AddressAR>
						<u0:PlotNo></u0:PlotNo>
						<u0:POBox></u0:POBox>
						<u0:ActualFlag></u0:ActualFlag>
					</u0:AddressData>
					<u0:FlagOpenDispute></u0:FlagOpenDispute>
				</u0:AddressHistory>
				<u0:ContactHistory>
					<u0:UpdateInfo>
						<u0:ProviderNo></u0:ProviderNo>
						<u0:DateOfUpdate></u0:DateOfUpdate>
					</u0:UpdateInfo>
					<u0:ContactData>
						<u0:ContactType></u0:ContactType>
						<u0:Contact></u0:Contact>
						<u0:ActualFlag></u0:ActualFlag>
					</u0:ContactData>
					<u0:FlagOpenDispute></u0:FlagOpenDispute>
				</u0:ContactHistory>
				<u0:DisputeCategory></u0:DisputeCategory>
			</u0:Individual>
		</u0:MatchedSubject>
		<u0:SubjectLink>
			<u0:ProviderNo></u0:ProviderNo>
			<u0:LinkSubjectData>
				<u0:CBSubjectId></u0:CBSubjectId>
				<u0:Name></u0:Name>
				<u0:Role></u0:Role>
				<u0:SubjectType></u0:SubjectType>
				<u0:ShareholderPercentage></u0:ShareholderPercentage>
			</u0:LinkSubjectData>
			<u0:FlagOpenDispute></u0:FlagOpenDispute>
		</u0:SubjectLink>
		<u0:ContractData>
			<u0:TotalSummaries>
				<u0:NumbersSummary>
					<u0:TotalNo></u0:TotalNo>
					<u0:DataProvidersNo></u0:DataProvidersNo>
					<u0:RequestNo></u0:RequestNo>
					<u0:DeclinedNo></u0:DeclinedNo>
					<u0:RejectedNo></u0:RejectedNo>
					<u0:NotTakenUpNo></u0:NotTakenUpNo>
					<u0:ActiveNo></u0:ActiveNo>
					<u0:ClosedNo></u0:ClosedNo>
				</u0:NumbersSummary>
				<u0:KeyValuesSummary>
					<u0:TotalBalance></u0:TotalBalance>
					<u0:TotalOverdue></u0:TotalOverdue>
					<u0:DefaultAccountsNumber></u0:DefaultAccountsNumber>
				</u0:KeyValuesSummary>
				<u0:ContractsSummary>
					<u0:TotalExposure></u0:TotalExposure>
					<u0:TotalExposureNonFunded></u0:TotalExposureNonFunded>
					<u0:CreditUtilizationRate></u0:CreditUtilizationRate>
					<u0:MaxCurrentPaymentDelay></u0:MaxCurrentPaymentDelay>
					<u0:MaxCurrentPaymentDelayContractType></u0:MaxCurrentPaymentDelayContractType>
					<u0:MaxPaymentDelay24M></u0:MaxPaymentDelay24M>
					<u0:MaxPaymentDelay24MContractType></u0:MaxPaymentDelay24MContractType>
					<u0:WorstStatus24M></u0:WorstStatus24M>
					<u0:OldestContractOpenDate></u0:OldestContractOpenDate>
					<u0:NewestContractOpenDate></u0:NewestContractOpenDate>
					<u0:Applications90D></u0:Applications90D>
					<u0:TotalBalanceGuaranteed></u0:TotalBalanceGuaranteed>
					<u0:TotalOverdueGuaranteed></u0:TotalOverdueGuaranteed>
				</u0:ContractsSummary>
			</u0:TotalSummaries>
			<u0:Installments>
				<u0:Summary>
					<u0:Holder>
						<u0:TotalNo></u0:TotalNo>
						<u0:DataProvidersNo></u0:DataProvidersNo>
						<u0:RequestNo></u0:RequestNo>
						<u0:DeclinedNo></u0:DeclinedNo>
						<u0:RejectedNo></u0:RejectedNo>
						<u0:NotTakenUpNo></u0:NotTakenUpNo>
						<u0:ActiveNo></u0:ActiveNo>
						<u0:ClosedNo></u0:ClosedNo>
					</u0:Holder>
					<u0:Guarantor>
						<u0:TotalNo></u0:TotalNo>
						<u0:DataProvidersNo></u0:DataProvidersNo>
						<u0:RequestNo></u0:RequestNo>
						<u0:DeclinedNo></u0:DeclinedNo>
						<u0:RejectedNo></u0:RejectedNo>
						<u0:NotTakenUpNo></u0:NotTakenUpNo>
						<u0:ActiveNo></u0:ActiveNo>
						<u0:ClosedNo></u0:ClosedNo>
					</u0:Guarantor>
				</u0:Summary>
				<u0:FinancialSummary>
					<u0:Holder>
						<u0:PaymentAmount></u0:PaymentAmount>
						<u0:Balance></u0:Balance>
						<u0:OverdueAmount></u0:OverdueAmount>
					</u0:Holder>
					<u0:Guarantor>
						<u0:PaymentAmount></u0:PaymentAmount>
						<u0:Balance></u0:Balance>
						<u0:OverdueAmount></u0:OverdueAmount>
					</u0:Guarantor>
				</u0:FinancialSummary>
				<u0:Contract>
					<u0:CommonData>
						<u0:CBContractId></u0:CBContractId>
						<u0:ProviderNo></u0:ProviderNo>
						<u0:ProviderContractNo></u0:ProviderContractNo>
						<u0:OriginalCurrency></u0:OriginalCurrency>
						<u0:ReferenceDate></u0:ReferenceDate>
						<u0:ContractType></u0:ContractType>
						<u0:ActiveFlag></u0:ActiveFlag>
						<u0:Role></u0:Role>
						<u0:OpenDate></u0:OpenDate>
						<u0:ClosedDate></u0:ClosedDate>
						<u0:WorstStatus></u0:WorstStatus>
						<u0:WorstStatusDate></u0:WorstStatusDate>
						<u0:MaxOverdueAmount></u0:MaxOverdueAmount>
						<u0:MaxOverdueAmountDate></u0:MaxOverdueAmountDate>
						<u0:FlagOpenDispute></u0:FlagOpenDispute>
					</u0:CommonData>
					<u0:TotalAmount></u0:TotalAmount>
					<u0:NoOfInstallments></u0:NoOfInstallments>
					<u0:NoOfRemainingInstallments></u0:NoOfRemainingInstallments>
					<u0:PaymentAmount></u0:PaymentAmount>
					<u0:PaymentFrequency></u0:PaymentFrequency>
					<u0:MethodOfPayment></u0:MethodOfPayment>
					<u0:IslamicContractFlag></u0:IslamicContractFlag>
					<u0:SecuredContractFlag></u0:SecuredContractFlag>
					<u0:SecurityType></u0:SecurityType>
					<u0:FraudFlag></u0:FraudFlag>
					<u0:FraudFlagDate></u0:FraudFlagDate>
					<u0:MaxDaysPaymentDelay></u0:MaxDaysPaymentDelay>
					<u0:MaxDaysPaymentDelayDate></u0:MaxDaysPaymentDelayDate>
					<u0:History>
						<u0:ReferenceDate></u0:ReferenceDate>
						<u0:Balance></u0:Balance>
						<u0:OverdueAmount></u0:OverdueAmount>
						<u0:DaysPaymentDelay></u0:DaysPaymentDelay>
						<u0:ContractStatus></u0:ContractStatus>
					</u0:History>
					<u0:Link>
						<u0:CBSubjectId></u0:CBSubjectId>
						<u0:Name></u0:Name>
						<u0:Role></u0:Role>
						<u0:SubjectType></u0:SubjectType>
					</u0:Link>
				</u0:Contract>
			</u0:Installments>
			<u0:NotInstallments>
				<u0:Summary>
					<u0:Holder>
						<u0:TotalNo></u0:TotalNo>
						<u0:DataProvidersNo></u0:DataProvidersNo>
						<u0:RequestNo></u0:RequestNo>
						<u0:DeclinedNo></u0:DeclinedNo>
						<u0:RejectedNo></u0:RejectedNo>
						<u0:NotTakenUpNo></u0:NotTakenUpNo>
						<u0:ActiveNo></u0:ActiveNo>
						<u0:ClosedNo></u0:ClosedNo>
					</u0:Holder>
					<u0:Guarantor>
						<u0:TotalNo></u0:TotalNo>
						<u0:DataProvidersNo></u0:DataProvidersNo>
						<u0:RequestNo></u0:RequestNo>
						<u0:DeclinedNo></u0:DeclinedNo>
						<u0:RejectedNo></u0:RejectedNo>
						<u0:NotTakenUpNo></u0:NotTakenUpNo>
						<u0:ActiveNo></u0:ActiveNo>
						<u0:ClosedNo></u0:ClosedNo>
					</u0:Guarantor>
				</u0:Summary>
				<u0:FinancialSummary>
					<u0:Holder>
						<u0:CreditLimit></u0:CreditLimit>
						<u0:Balance></u0:Balance>
						<u0:OverdueAmount></u0:OverdueAmount>
					</u0:Holder>
					<u0:Guarantor>
						<u0:CreditLimit></u0:CreditLimit>
						<u0:Balance></u0:Balance>
						<u0:OverdueAmount></u0:OverdueAmount>
					</u0:Guarantor>
				</u0:FinancialSummary>
				<u0:Contract>
					<u0:CommonData>
						<u0:CBContractId></u0:CBContractId>
						<u0:ProviderNo></u0:ProviderNo>
						<u0:ProviderContractNo></u0:ProviderContractNo>
						<u0:OriginalCurrency></u0:OriginalCurrency>
						<u0:ReferenceDate></u0:ReferenceDate>
						<u0:ContractType></u0:ContractType>
						<u0:ActiveFlag></u0:ActiveFlag>
						<u0:Role></u0:Role>
						<u0:OpenDate></u0:OpenDate>
						<u0:ClosedDate></u0:ClosedDate>
						<u0:WorstStatus></u0:WorstStatus>
						<u0:WorstStatusDate></u0:WorstStatusDate>
						<u0:MaxOverdueAmount></u0:MaxOverdueAmount>
						<u0:MaxOverdueAmountDate></u0:MaxOverdueAmountDate>
						<u0:FlagOpenDispute></u0:FlagOpenDispute>
					</u0:CommonData>
					<u0:IslamicContractFlag></u0:IslamicContractFlag>
					<u0:SecuredContractFlag></u0:SecuredContractFlag>
					<u0:SecurityType></u0:SecurityType>
					<u0:FraudFlag></u0:FraudFlag>
					<u0:FraudFlagDate></u0:FraudFlagDate>
					<u0:MaxDaysPaymentDelay></u0:MaxDaysPaymentDelay>
					<u0:MaxDaysPaymentDelayDate></u0:MaxDaysPaymentDelayDate>
					<u0:History>
						<u0:ReferenceDate></u0:ReferenceDate>
						<u0:CreditLimit></u0:CreditLimit>
						<u0:Balance></u0:Balance>
						<u0:UtilizationRate></u0:UtilizationRate>
						<u0:OverdueAmount></u0:OverdueAmount>
						<u0:DaysPaymentDelay></u0:DaysPaymentDelay>
						<u0:ContractStatus></u0:ContractStatus>
					</u0:History>
					<u0:Link>
						<u0:CBSubjectId></u0:CBSubjectId>
						<u0:Name></u0:Name>
						<u0:Role></u0:Role>
						<u0:SubjectType></u0:SubjectType>
					</u0:Link>
				</u0:Contract>
			</u0:NotInstallments>
			<u0:CreditCards>
				<u0:Summary>
					<u0:Holder>
						<u0:TotalNo></u0:TotalNo>
						<u0:DataProvidersNo></u0:DataProvidersNo>
						<u0:RequestNo></u0:RequestNo>
						<u0:DeclinedNo></u0:DeclinedNo>
						<u0:RejectedNo></u0:RejectedNo>
						<u0:NotTakenUpNo></u0:NotTakenUpNo>
						<u0:ActiveNo></u0:ActiveNo>
						<u0:ClosedNo></u0:ClosedNo>
					</u0:Holder>
					<u0:Guarantor>
						<u0:TotalNo></u0:TotalNo>
						<u0:DataProvidersNo></u0:DataProvidersNo>
						<u0:RequestNo></u0:RequestNo>
						<u0:DeclinedNo></u0:DeclinedNo>
						<u0:RejectedNo></u0:RejectedNo>
						<u0:NotTakenUpNo></u0:NotTakenUpNo>
						<u0:ActiveNo></u0:ActiveNo>
						<u0:ClosedNo></u0:ClosedNo>
					</u0:Guarantor>
				</u0:Summary>
				<u0:FinancialSummary>
					<u0:Holder>
						<u0:CreditLimit></u0:CreditLimit>
						<u0:Balance></u0:Balance>
						<u0:OverdueAmount></u0:OverdueAmount>
					</u0:Holder>
					<u0:Guarantor>
						<u0:CreditLimit></u0:CreditLimit>
						<u0:Balance></u0:Balance>
						<u0:OverdueAmount></u0:OverdueAmount>
					</u0:Guarantor>
				</u0:FinancialSummary>
				<u0:Contract>
					<u0:CommonData>
						<u0:CBContractId></u0:CBContractId>
						<u0:ProviderNo></u0:ProviderNo>
						<u0:ProviderContractNo></u0:ProviderContractNo>
						<u0:OriginalCurrency></u0:OriginalCurrency>
						<u0:ReferenceDate></u0:ReferenceDate>
						<u0:ContractType></u0:ContractType>
						<u0:ActiveFlag></u0:ActiveFlag>
						<u0:Role></u0:Role>
						<u0:OpenDate></u0:OpenDate>
						<u0:ClosedDate></u0:ClosedDate>
						<u0:WorstStatus></u0:WorstStatus>
						<u0:WorstStatusDate></u0:WorstStatusDate>
						<u0:MaxOverdueAmount></u0:MaxOverdueAmount>
						<u0:MaxOverdueAmountDate></u0:MaxOverdueAmountDate>
						<u0:FlagOpenDispute></u0:FlagOpenDispute>
					</u0:CommonData>
					<u0:IslamicContractFlag></u0:IslamicContractFlag>
					<u0:SecuredContractFlag></u0:SecuredContractFlag>
					<u0:SecurityType></u0:SecurityType>
					<u0:FraudFlag></u0:FraudFlag>
					<u0:FraudFlagDate></u0:FraudFlagDate>
					<u0:MaxDaysPaymentDelay></u0:MaxDaysPaymentDelay>
					<u0:MaxDaysPaymentDelayDate></u0:MaxDaysPaymentDelayDate>
					<u0:MinimumPaymentPercentage></u0:MinimumPaymentPercentage>
					<u0:History>
						<u0:ReferenceDate></u0:ReferenceDate>
						<u0:CreditLimit></u0:CreditLimit>
						<u0:Balance></u0:Balance>
						<u0:OverdueAmount></u0:OverdueAmount>
						<u0:UtilizationRate></u0:UtilizationRate>
						<u0:PaymentBehaviour></u0:PaymentBehaviour>
						<u0:MinimumPaymentFlag></u0:MinimumPaymentFlag>
						<u0:CardUsedFlag></u0:CardUsedFlag>
						<u0:AmountSpent></u0:AmountSpent>
						<u0:DaysPaymentDelay></u0:DaysPaymentDelay>
						<u0:ContractStatus></u0:ContractStatus>
						<u0:PaymentDueDate></u0:PaymentDueDate>
						<u0:StatementDueAmount></u0:StatementDueAmount>
						<u0:ActualPaymentAmount></u0:ActualPaymentAmount>
					</u0:History>
					<u0:Link>
						<u0:CBSubjectId></u0:CBSubjectId>
						<u0:Name></u0:Name>
						<u0:Role></u0:Role>
						<u0:SubjectType></u0:SubjectType>
					</u0:Link>
				</u0:Contract>
			</u0:CreditCards>
			<u0:Services>
				<u0:Summary>
					<u0:Holder>
						<u0:TotalNo></u0:TotalNo>
						<u0:DataProvidersNo></u0:DataProvidersNo>
						<u0:RequestNo></u0:RequestNo>
						<u0:DeclinedNo></u0:DeclinedNo>
						<u0:RejectedNo></u0:RejectedNo>
						<u0:NotTakenUpNo></u0:NotTakenUpNo>
						<u0:ActiveNo></u0:ActiveNo>
						<u0:ClosedNo></u0:ClosedNo>
					</u0:Holder>
					<u0:Guarantor>
						<u0:TotalNo></u0:TotalNo>
						<u0:DataProvidersNo></u0:DataProvidersNo>
						<u0:RequestNo></u0:RequestNo>
						<u0:DeclinedNo></u0:DeclinedNo>
						<u0:RejectedNo></u0:RejectedNo>
						<u0:NotTakenUpNo></u0:NotTakenUpNo>
						<u0:ActiveNo></u0:ActiveNo>
						<u0:ClosedNo></u0:ClosedNo>
					</u0:Guarantor>
				</u0:Summary>
				<u0:FinancialSummary>
					<u0:Holder>
						<u0:Balance></u0:Balance>
						<u0:OverdueAmount></u0:OverdueAmount>
					</u0:Holder>
					<u0:Guarantor>
						<u0:Balance></u0:Balance>
						<u0:OverdueAmount></u0:OverdueAmount>
					</u0:Guarantor>
				</u0:FinancialSummary>
				<u0:Contract>
					<u0:CommonData>
						<u0:CBContractId></u0:CBContractId>
						<u0:ProviderNo></u0:ProviderNo>
						<u0:ProviderContractNo></u0:ProviderContractNo>
						<u0:OriginalCurrency></u0:OriginalCurrency>
						<u0:ReferenceDate></u0:ReferenceDate>
						<u0:ContractType></u0:ContractType>
						<u0:ActiveFlag></u0:ActiveFlag>
						<u0:Role></u0:Role>
						<u0:OpenDate></u0:OpenDate>
						<u0:ClosedDate></u0:ClosedDate>
						<u0:WorstStatus></u0:WorstStatus>
						<u0:WorstStatusDate></u0:WorstStatusDate>
						<u0:MaxOverdueAmount></u0:MaxOverdueAmount>
						<u0:MaxOverdueAmountDate></u0:MaxOverdueAmountDate>
						<u0:FlagOpenDispute></u0:FlagOpenDispute>
					</u0:CommonData>
					<u0:HolderIsNotLiable></u0:HolderIsNotLiable>
					<u0:CommunicationType></u0:CommunicationType>
					<u0:MaxDaysPaymentDelay></u0:MaxDaysPaymentDelay>
					<u0:MaxDaysPaymentDelayDate></u0:MaxDaysPaymentDelayDate>
					<u0:FraudFlag></u0:FraudFlag>
					<u0:FraudFlagDate></u0:FraudFlagDate>
					<u0:History>
						<u0:ReferenceDate></u0:ReferenceDate>
						<u0:BilledAmount></u0:BilledAmount>
						<u0:Balance></u0:Balance>
						<u0:OverdueAmount></u0:OverdueAmount>
						<u0:DaysPaymentDelay></u0:DaysPaymentDelay>
						<u0:ContractStatus></u0:ContractStatus>
					</u0:History>
					<u0:Link>
						<u0:CBSubjectId></u0:CBSubjectId>
						<u0:Name></u0:Name>
						<u0:Role></u0:Role>
						<u0:SubjectType></u0:SubjectType>
					</u0:Link>
				</u0:Contract>
			</u0:Services>
			<u0:Application>
				<u0:CommonData>
					<u0:CBApplicationId></u0:CBApplicationId>
					<u0:ProviderNo></u0:ProviderNo>
					<u0:ProviderApplicationNo></u0:ProviderApplicationNo>
					<u0:ContractCategory></u0:ContractCategory>
					<u0:ContractType></u0:ContractType>
					<u0:Phase></u0:Phase>
					<u0:Role></u0:Role>
					<u0:LastUpdateDate></u0:LastUpdateDate>
					<u0:FlagOpenDispute></u0:FlagOpenDispute>
				</u0:CommonData>
				<u0:TotalAmount></u0:TotalAmount>
				<u0:NoOfInstallments></u0:NoOfInstallments>
				<u0:CreditLimit></u0:CreditLimit>
				<u0:Link>
					<u0:CBSubjectId></u0:CBSubjectId>
					<u0:Name></u0:Name>
					<u0:Role></u0:Role>
					<u0:SubjectType></u0:SubjectType>
				</u0:Link>
			</u0:Application>
		</u0:ContractData>
		<u0:EmploymentHistory>
			<u0:UpdateInfo>
				<u0:ProviderNo></u0:ProviderNo>
				<u0:DateOfUpdate></u0:DateOfUpdate>
			</u0:UpdateInfo>
			<u0:EmploymentInfo>
				<u0:Name></u0:Name>
				<u0:DateOfEmployment></u0:DateOfEmployment>
				<u0:DateOfTermination></u0:DateOfTermination>
				<u0:GrossAnnualIncome></u0:GrossAnnualIncome>
				<u0:EmploymentType></u0:EmploymentType>
				<u0:ActualFlag></u0:ActualFlag>
			</u0:EmploymentInfo>
			<u0:FlagOpenDispute></u0:FlagOpenDispute>
		</u0:EmploymentHistory>
		<u0:OtherIncome>
			<u0:UpdateInfo>
				<u0:ProviderNo></u0:ProviderNo>
				<u0:DateOfUpdate></u0:DateOfUpdate>
			</u0:UpdateInfo>
			<u0:OtherIncomeData>
				<u0:Source></u0:Source>
				<u0:GrossAnnualAmount></u0:GrossAnnualAmount>
			</u0:OtherIncomeData>
			<u0:FlagOpenDispute></u0:FlagOpenDispute>
		</u0:OtherIncome>
		<u0:PaymentOrder>
			<u0:ProviderNo></u0:ProviderNo>
			<u0:Type></u0:Type>
			<u0:BeneficiaryName></u0:BeneficiaryName>
			<u0:IBAN></u0:IBAN>
			<u0:Number></u0:Number>
			<u0:Amount></u0:Amount>
			<u0:ReasonCode></u0:ReasonCode>
			<u0:ReturnDate></u0:ReturnDate>
			<u0:Severity></u0:Severity>
			<u0:ReferenceDate></u0:ReferenceDate>
			<u0:FlagOpenDispute></u0:FlagOpenDispute>
		</u0:PaymentOrder>
		<u0:Score>
			<u0:Data>
				<u0:Index></u0:Index>
				<u0:Range></u0:Range>
			</u0:Data>
			<u0:FraudContractFlag></u0:FraudContractFlag>
			<u0:PaymentOrderFlag></u0:PaymentOrderFlag>
		</u0:Score>
	</u0:Response>
</u0:AAE_RES>
