<?xml version="1.0" encoding="UTF-8"?>
<!--Sample XML file generated by XMLSpy v2017 rel. 3 sp1 (x64) (http://www.altova.com)-->
<u0:AAE_RES xmlns:u0="urn:AAE" xmlns:xsi="http://www.w3.org/2001/XMLSchema-instance" xsi:schemaLocation="urn:AAE AAE_RES.xsd">
	<u0:ResponseId></u0:ResponseId>
	<u0:EnquiredSubject>
		<u0:ProviderSubjectNo></u0:ProviderSubjectNo>
		<u0:Individual>
			<u0:FullNameEN></u0:FullNameEN>
			<u0:Gender></u0:Gender>
			<u0:DOB></u0:DOB>
			<u0:Nationality></u0:Nationality>
			<u0:EmiratesId></u0:EmiratesId>
			<u0:PassportNo></u0:PassportNo>
			<u0:PassportExpiryDate></u0:PassportExpiryDate>
			<u0:PreviousPassportNo></u0:PreviousPassportNo>
			<u0:DrivingLicenseNo></u0:DrivingLicenseNo>
			<u0:PrimaryMobileNo></u0:PrimaryMobileNo>
		</u0:Individual>
	</u0:EnquiredSubject>
	<u0:Error>
		<u0:No></u0:No>
		<u0:Description></u0:Description>
	</u0:Error>
</u0:AAE_RES>