<?xml version="1.0" encoding="UTF-8"?>
<con:soapui-project id="ac88e04b-adc5-491e-9a9f-0836f135bdc0" activeEnvironment="Default" name="A2A v3.0 EXTERNAL" resourceRoot="${projectDir}" soapui-version="5.3.0" xmlns:con="http://eviware.com/soapui/config"><con:settings/><con:interface xsi:type="con:WsdlInterface" id="f5b374a0-7d77-4b4a-b8c5-d9b460472649" wsaVersion="NONE" name="ServiceSoap" type="wsdl" bindingName="{urn:crif-messagegateway:2006-08-23}ServiceSoap" soapVersion="1_1" anonymous="optional" definition="file:/U:/Internal/Application%20team/CRIF/Service%20Delivery/User%20Guides/External/AECB_A2A_Kit/Sample_AECB_A2A_Kit_v3.0_Internal/A2A%20SoftwareProgram%20SoapUI/WSDL/a2atest.aecb.gov.ae.wsdl" xmlns:xsi="http://www.w3.org/2001/XMLSchema-instance"><con:settings/><con:definitionCache/><con:endpoints><con:endpoint>https://a2atest.aecb.gov.ae/Service.asmx</con:endpoint></con:endpoints><con:operation id="5ba2e43e-5745-42f5-ab72-762e1c401017" isOneWay="false" action="urn:crif-messagegateway:2006-08-23/ProcessMessage" name="ProcessMessage" bindingOperationName="ProcessMessage" type="Request-Response" inputName="" receivesAttachments="false" sendsAttachments="false" anonymous="optional"><con:settings/><con:call id="161ffffe-ef51-4553-b05a-e6bc9e655875" name="AAE_REQ_Company_for Relation with a Company"><con:settings><con:setting id="com.eviware.soapui.impl.wsdl.WsdlRequest@request-headers">&lt;xml-fragment/></con:setting></con:settings><con:encoding>UTF-8</con:encoding><con:endpoint>https://a2atest.aecb.gov.ae/Service.asmx</con:endpoint><con:request><![CDATA[<soapenv:Envelope xmlns:soapenv="http://schemas.xmlsoap.org/soap/envelope/" xmlns:urn="urn:crif-message:2006-08-23" xmlns:urn1="urn:crif-messagegateway:2006-08-23">
  <soapenv:Header>
       <urn:Message GId="Group Id Here" MId="Message Id Here" MTs="2017-07-23T06:11:14+00:00">
         <!--Optional:-->
         <urn:C UD="?" UId="Username Here" UPwd="Password Here">
            <!--You may enter ANY elements at this point-->
         </urn:C>
         <!--Zero or more repetitions:-->
         <urn:P SId="CB" PId="AAE" PNs="urn:uae-message:2014-06-01">
            <!--You may enter ANY elements at this point-->
         </urn:P>
         <!--Optional:-->
         <urn:Tx TxNs="urn:crif-messagegateway:2006-08-23">
            <!--You may enter ANY elements at this point-->
         </urn:Tx>
         <!--You may enter ANY elements at this point-->
      </urn:Message>
   </soapenv:Header>
<soapenv:Body>
   <urn1:MGRequest><![CDATA[<?xml version="1.0" encoding="UTF-8"?>
<!--Sample XML file generated by XMLSpy v2017 rel. 3 sp1 (x64) (http://www.altova.com)-->
<u0:AAE_REQ xmlns:u0="urn:AAE" xmlns:xsi="http://www.w3.org/2001/XMLSchema-instance" xsi:schemaLocation="urn:AAE AAE_REQ.xsd">
	<u0:ConsentFlag></u0:ConsentFlag>
	<u0:ProviderApplicationNo></u0:ProviderApplicationNo>
	<u0:CompanySubjectLink></u0:CompanySubjectLink>
	<u0:ShareholderPercentage></u0:ShareholderPercentage>
	<u0:Subject>
		<u0:ProviderSubjectNo></u0:ProviderSubjectNo>
		<u0:Company>
			<u0:TradeName></u0:TradeName>
			<u0:TradeLicense>
				<u0:RegistrationPlace></u0:RegistrationPlace>
				<u0:Number></u0:Number>
			</u0:TradeLicense>
			<u0:EconomicActivity></u0:EconomicActivity>
			<u0:PrimaryMobileNo></u0:PrimaryMobileNo>
		</u0:Company>
	</u0:Subject>
</u0:AAE_REQ>]]]]>><![CDATA[
      </urn1:MGRequest>
   </soapenv:Body>
</soapenv:Envelope>
]]></con:request><con:credentials><con:authType>No Authorization</con:authType></con:credentials><con:jmsConfig JMSDeliveryMode="PERSISTENT"/><con:jmsPropertyConfig/><con:wsaConfig mustUnderstand="NONE" version="200508" action="urn:crif-messagegateway:2006-08-23/ProcessMessage"/><con:wsrmConfig version="1.2"/></con:call><con:call id="51ec224f-6868-48f9-8751-833537e3c258" name="AAE_REQ_Company_for Role Co-Applicant or Guarantor"><con:settings><con:setting id="com.eviware.soapui.impl.wsdl.WsdlRequest@request-headers">&lt;xml-fragment/></con:setting></con:settings><con:encoding>UTF-8</con:encoding><con:endpoint>https://a2atest.aecb.gov.ae/Service.asmx</con:endpoint><con:request><![CDATA[<soapenv:Envelope xmlns:soapenv="http://schemas.xmlsoap.org/soap/envelope/" xmlns:urn="urn:crif-message:2006-08-23" xmlns:urn1="urn:crif-messagegateway:2006-08-23">
  <soapenv:Header>
       <urn:Message GId="Group Id Here" MId="Message Id Here" MTs="2017-07-23T06:11:14+00:00">
         <!--Optional:-->
         <urn:C UD="?" UId="Username Here" UPwd="Password Here">
            <!--You may enter ANY elements at this point-->
         </urn:C>
         <!--Zero or more repetitions:-->
         <urn:P SId="CB" PId="AAE" PNs="urn:uae-message:2014-06-01">
            <!--You may enter ANY elements at this point-->
         </urn:P>
         <!--Optional:-->
         <urn:Tx TxNs="urn:crif-messagegateway:2006-08-23">
            <!--You may enter ANY elements at this point-->
         </urn:Tx>
         <!--You may enter ANY elements at this point-->
      </urn:Message>
   </soapenv:Header>
<soapenv:Body>
   <urn1:MGRequest><![CDATA[<?xml version="1.0" encoding="UTF-8"?>
<!--Sample XML file generated by XMLSpy v2017 rel. 3 sp1 (x64) (http://www.altova.com)-->
<u0:AAE_REQ xmlns:u0="urn:AAE" xmlns:xsi="http://www.w3.org/2001/XMLSchema-instance" xsi:schemaLocation="urn:AAE AAE_REQ.xsd">
	<u0:ConsentFlag></u0:ConsentFlag>
	<u0:ProviderApplicationNo></u0:ProviderApplicationNo>
	<u0:Role></u0:Role>
	<u0:Subject>
		<u0:ProviderSubjectNo></u0:ProviderSubjectNo>
		<u0:Company>
			<u0:TradeName></u0:TradeName>
			<u0:TradeLicense>
				<u0:RegistrationPlace></u0:RegistrationPlace>
				<u0:Number></u0:Number>
			</u0:TradeLicense>
			<u0:EconomicActivity></u0:EconomicActivity>
			<u0:PrimaryMobileNo></u0:PrimaryMobileNo>
		</u0:Company>
	</u0:Subject>
</u0:AAE_REQ>]]]]>><![CDATA[
      </urn1:MGRequest>
   </soapenv:Body>
</soapenv:Envelope>
]]></con:request><con:credentials><con:authType>No Authorization</con:authType></con:credentials><con:jmsConfig JMSDeliveryMode="PERSISTENT"/><con:jmsPropertyConfig/><con:wsaConfig mustUnderstand="NONE" version="200508" action="urn:crif-messagegateway:2006-08-23/ProcessMessage"/><con:wsrmConfig version="1.2"/></con:call><con:call id="9d609341-f025-49a5-9d24-23fa132e08fd" name="AAE_REQ_Individual_for Relation with a Company"><con:settings><con:setting id="com.eviware.soapui.impl.wsdl.WsdlRequest@request-headers">&lt;xml-fragment/></con:setting></con:settings><con:encoding>UTF-8</con:encoding><con:endpoint>https://a2atest.aecb.gov.ae/Service.asmx</con:endpoint><con:request><![CDATA[<soapenv:Envelope xmlns:soapenv="http://schemas.xmlsoap.org/soap/envelope/" xmlns:urn="urn:crif-message:2006-08-23" xmlns:urn1="urn:crif-messagegateway:2006-08-23">
  <soapenv:Header>
       <urn:Message GId="Group Id Here" MId="Message Id Here" MTs="2017-07-23T06:11:14+00:00">
         <!--Optional:-->
         <urn:C UD="?" UId="Username Here" UPwd="Password Here">
            <!--You may enter ANY elements at this point-->
         </urn:C>
         <!--Zero or more repetitions:-->
         <urn:P SId="CB" PId="AAE" PNs="urn:uae-message:2014-06-01">
            <!--You may enter ANY elements at this point-->
         </urn:P>
         <!--Optional:-->
         <urn:Tx TxNs="urn:crif-messagegateway:2006-08-23">
            <!--You may enter ANY elements at this point-->
         </urn:Tx>
         <!--You may enter ANY elements at this point-->
      </urn:Message>
   </soapenv:Header>
<soapenv:Body>
   <urn1:MGRequest><![CDATA[<?xml version="1.0" encoding="UTF-8"?>
<!--Sample XML file generated by XMLSpy v2017 rel. 3 sp1 (x64) (http://www.altova.com)-->
<u0:AAE_REQ xmlns:u0="urn:AAE" xmlns:xsi="http://www.w3.org/2001/XMLSchema-instance" xsi:schemaLocation="urn:AAE AAE_REQ.xsd">
	<u0:ConsentFlag></u0:ConsentFlag>
	<u0:ProviderApplicationNo></u0:ProviderApplicationNo>
	<u0:CompanySubjectLink></u0:CompanySubjectLink>
	<u0:ShareholderPercentage></u0:ShareholderPercentage>
	<u0:Subject>
		<u0:ProviderSubjectNo></u0:ProviderSubjectNo>
		<u0:Individual>
			<u0:FullNameEN></u0:FullNameEN>
			<u0:Gender></u0:Gender>
			<u0:DOB></u0:DOB>
			<u0:Nationality></u0:Nationality>
			<u0:EmiratesId></u0:EmiratesId>
			<u0:PassportNo></u0:PassportNo>
			<u0:PassportExpiryDate></u0:PassportExpiryDate>
			<u0:PreviousPassportNo></u0:PreviousPassportNo>
			<u0:DrivingLicenseNo></u0:DrivingLicenseNo>
			<u0:PrimaryMobileNo></u0:PrimaryMobileNo>
		</u0:Individual>
	</u0:Subject>
</u0:AAE_REQ>]]]]>><![CDATA[
      </urn1:MGRequest>
   </soapenv:Body>
</soapenv:Envelope>
]]></con:request><con:credentials><con:authType>No Authorization</con:authType></con:credentials><con:jmsConfig JMSDeliveryMode="PERSISTENT"/><con:jmsPropertyConfig/><con:wsaConfig mustUnderstand="NONE" version="200508" action="urn:crif-messagegateway:2006-08-23/ProcessMessage"/><con:wsrmConfig version="1.2"/></con:call><con:call id="9b82581d-42c4-4b2a-a315-9b9e6e87c452" name="AAE_REQ_Individual_for Role Co-Applicant or Guarantor"><con:settings><con:setting id="com.eviware.soapui.impl.wsdl.WsdlRequest@request-headers">&lt;xml-fragment/></con:setting></con:settings><con:encoding>UTF-8</con:encoding><con:endpoint>https://a2atest.aecb.gov.ae/Service.asmx</con:endpoint><con:request><![CDATA[<soapenv:Envelope xmlns:soapenv="http://schemas.xmlsoap.org/soap/envelope/" xmlns:urn="urn:crif-message:2006-08-23" xmlns:urn1="urn:crif-messagegateway:2006-08-23">
  <soapenv:Header>
       <urn:Message GId="Group Id Here" MId="Message Id Here" MTs="2017-07-23T06:11:14+00:00">
         <!--Optional:-->
         <urn:C UD="?" UId="Username Here" UPwd="Password Here">
            <!--You may enter ANY elements at this point-->
         </urn:C>
         <!--Zero or more repetitions:-->
         <urn:P SId="CB" PId="AAE" PNs="urn:uae-message:2014-06-01">
            <!--You may enter ANY elements at this point-->
         </urn:P>
         <!--Optional:-->
         <urn:Tx TxNs="urn:crif-messagegateway:2006-08-23">
            <!--You may enter ANY elements at this point-->
         </urn:Tx>
         <!--You may enter ANY elements at this point-->
      </urn:Message>
   </soapenv:Header>
<soapenv:Body>
   <urn1:MGRequest><![CDATA[<?xml version="1.0" encoding="UTF-8"?>
<!--Sample XML file generated by XMLSpy v2017 rel. 3 sp1 (x64) (http://www.altova.com)-->
<u0:AAE_REQ xmlns:u0="urn:AAE" xmlns:xsi="http://www.w3.org/2001/XMLSchema-instance" xsi:schemaLocation="urn:AAE AAE_REQ.xsd">
	<u0:ConsentFlag></u0:ConsentFlag>
	<u0:ProviderApplicationNo></u0:ProviderApplicationNo>
	<u0:Role></u0:Role>
	<u0:Subject>
		<u0:ProviderSubjectNo></u0:ProviderSubjectNo>
		<u0:Individual>
			<u0:FullNameEN></u0:FullNameEN>
			<u0:Gender></u0:Gender>
			<u0:DOB></u0:DOB>
			<u0:Nationality></u0:Nationality>
			<u0:EmiratesId></u0:EmiratesId>
			<u0:PassportNo></u0:PassportNo>
			<u0:PassportExpiryDate></u0:PassportExpiryDate>
			<u0:PreviousPassportNo></u0:PreviousPassportNo>
			<u0:DrivingLicenseNo></u0:DrivingLicenseNo>
			<u0:PrimaryMobileNo></u0:PrimaryMobileNo>
		</u0:Individual>
	</u0:Subject>
</u0:AAE_REQ>]]]]>><![CDATA[
      </urn1:MGRequest>
   </soapenv:Body>
</soapenv:Envelope>
]]></con:request><con:credentials><con:authType>No Authorization</con:authType></con:credentials><con:jmsConfig JMSDeliveryMode="PERSISTENT"/><con:jmsPropertyConfig/><con:wsaConfig mustUnderstand="NONE" version="200508" action="urn:crif-messagegateway:2006-08-23/ProcessMessage"/><con:wsrmConfig version="1.2"/></con:call><con:call id="25ea2ae0-b9fc-4600-b18c-4545a3b6cae9" name="AUE_REQ_by CB Application ID_Updating the Phase"><con:settings><con:setting id="com.eviware.soapui.impl.wsdl.WsdlRequest@request-headers">&lt;xml-fragment/></con:setting></con:settings><con:encoding>UTF-8</con:encoding><con:endpoint>https://a2atest.aecb.gov.ae/Service.asmx</con:endpoint><con:request><![CDATA[<soapenv:Envelope xmlns:soapenv="http://schemas.xmlsoap.org/soap/envelope/" xmlns:urn="urn:crif-message:2006-08-23" xmlns:urn1="urn:crif-messagegateway:2006-08-23">
<soapenv:Header>
       <urn:Message GId="Group Id Here" MId="Message Id Here" MTs="2017-07-23T06:11:14+00:00">
         <!--Optional:-->
         <urn:C UD="?" UId="Username Here" UPwd="Password Here">
            <!--You may enter ANY elements at this point-->
         </urn:C>
         <!--Zero or more repetitions:-->
         <urn:P SId="CB" PId="AUE" PNs="urn:uae-message:2014-06-01">
            <!--You may enter ANY elements at this point-->
         </urn:P>
         <!--Optional:-->
         <urn:Tx TxNs="urn:crif-messagegateway:2006-08-23">
            <!--You may enter ANY elements at this point-->
         </urn:Tx>
         <!--You may enter ANY elements at this point-->
      </urn:Message>
   </soapenv:Header>
   <soapenv:Body>
   <urn1:MGRequest><![CDATA[<?xml version="1.0" encoding="UTF-8"?>
<!--Sample XML file generated by XMLSpy v2017 rel. 3 sp1 (x64) (http://www.altova.com)-->
<u2:AUE_REQ xmlns:u2="urn:AUE" xmlns:xsi="http://www.w3.org/2001/XMLSchema-instance" xsi:schemaLocation="urn:AUE AUE_REQ.xsd">
	<u2:CBApplicationId></u2:CBApplicationId>
	<u2:Phase></u2:Phase>
</u2:AUE_REQ>]]]]>><![CDATA[
   </urn1:MGRequest>
</soapenv:Body>
</soapenv:Envelope>
]]></con:request><con:credentials><con:authType>No Authorization</con:authType></con:credentials><con:jmsConfig JMSDeliveryMode="PERSISTENT"/><con:jmsPropertyConfig/><con:wsaConfig mustUnderstand="NONE" version="200508" action="urn:crif-messagegateway:2006-08-23/ProcessMessage"/><con:wsrmConfig version="1.2"/></con:call><con:call id="5d17298e-828b-43c9-be92-fc014e8a6e2c" name="AUE_REQ_by ProviderApplicationNo_Updating the Phase"><con:settings><con:setting id="com.eviware.soapui.impl.wsdl.WsdlRequest@request-headers">&lt;xml-fragment/></con:setting></con:settings><con:encoding>UTF-8</con:encoding><con:endpoint>https://a2atest.aecb.gov.ae/Service.asmx</con:endpoint><con:request><![CDATA[<soapenv:Envelope xmlns:soapenv="http://schemas.xmlsoap.org/soap/envelope/" xmlns:urn="urn:crif-message:2006-08-23" xmlns:urn1="urn:crif-messagegateway:2006-08-23">
<soapenv:Header>
       <urn:Message GId="Group Id Here" MId="Message Id Here" MTs="2017-07-23T06:11:14+00:00">
         <!--Optional:-->
         <urn:C UD="?" UId="Username Here" UPwd="Password Here">
            <!--You may enter ANY elements at this point-->
         </urn:C>
         <!--Zero or more repetitions:-->
         <urn:P SId="CB" PId="AUE" PNs="urn:uae-message:2014-06-01">
            <!--You may enter ANY elements at this point-->
         </urn:P>
         <!--Optional:-->
         <urn:Tx TxNs="urn:crif-messagegateway:2006-08-23">
            <!--You may enter ANY elements at this point-->
         </urn:Tx>
         <!--You may enter ANY elements at this point-->
      </urn:Message>
   </soapenv:Header>
   <soapenv:Body>
   <urn1:MGRequest><![CDATA[<?xml version="1.0" encoding="UTF-8"?>
<!--Sample XML file generated by XMLSpy v2017 rel. 3 sp1 (x64) (http://www.altova.com)-->
<u2:AUE_REQ xmlns:u2="urn:AUE" xmlns:xsi="http://www.w3.org/2001/XMLSchema-instance" xsi:schemaLocation="urn:AUE AUE_REQ.xsd">
	<u2:ProviderApplicationNo></u2:ProviderApplicationNo>
	<u2:Phase></u2:Phase>
</u2:AUE_REQ>]]]]>><![CDATA[
   </urn1:MGRequest>
</soapenv:Body>
</soapenv:Envelope>
]]></con:request><con:credentials><con:authType>No Authorization</con:authType></con:credentials><con:jmsConfig JMSDeliveryMode="PERSISTENT"/><con:jmsPropertyConfig/><con:wsaConfig mustUnderstand="NONE" version="200508" action="urn:crif-messagegateway:2006-08-23/ProcessMessage"/><con:wsrmConfig version="1.2"/></con:call><con:call id="06337b5e-6220-44d7-9fdf-fb879800269d" name="GC_REQ"><con:settings><con:setting id="com.eviware.soapui.impl.wsdl.WsdlRequest@request-headers">&lt;xml-fragment/></con:setting></con:settings><con:encoding>UTF-8</con:encoding><con:endpoint>https://a2atest.aecb.gov.ae/Service.asmx</con:endpoint><con:request><![CDATA[<soapenv:Envelope xmlns:soapenv="http://schemas.xmlsoap.org/soap/envelope/" xmlns:urn="urn:crif-message:2006-08-23" xmlns:urn1="urn:crif-messagegateway:2006-08-23">
   <soapenv:Header>
     <urn:Message GId="Group Id Here" MId="Message Id Here" MTs="2017-06-05T15:36:56.7577435+04:00">
         <!--Optional:-->
         <urn:C UD="?" UId="Username Here" UPwd="Password Here">
            <!--You may enter ANY elements at this point-->
         </urn:C>
         <!--Zero or more repetitions:-->
         <urn:P SId="CB" PId="GC" PNs="urn:uae-message:2014-06-01">
            <!--You may enter ANY elements at this point-->
         </urn:P>
         <!--Optional:-->
         <urn:Tx TxNs="urn:crif-messagegateway:2006-08-23">
            <!--You may enter ANY elements at this point-->
         </urn:Tx>
         <!--You may enter ANY elements at this point-->
      </urn:Message>
   </soapenv:Header>
   <soapenv:Body>
      <urn1:MGRequest><![CDATA[<?xml version="1.0" encoding="UTF-8"?>
<!--Sample XML file generated by XMLSpy v2017 rel. 3 sp1 (x64) (http://www.altova.com)-->
<u7:GC_REQ xmlns:u7="urn:GC" xmlns:xsi="http://www.w3.org/2001/XMLSchema-instance" xsi:schemaLocation="urn:GC GC_REQ.xsd">
	<u7:ProviderContractNo></u7:ProviderContractNo>
</u7:GC_REQ>]]]]>><![CDATA[
      </urn1:MGRequest>
   </soapenv:Body>
</soapenv:Envelope>
]]></con:request><con:credentials><con:authType>No Authorization</con:authType></con:credentials><con:jmsConfig JMSDeliveryMode="PERSISTENT"/><con:jmsPropertyConfig/><con:wsaConfig mustUnderstand="NONE" version="200508" action="urn:crif-messagegateway:2006-08-23/ProcessMessage"/><con:wsrmConfig version="1.2"/></con:call><con:call id="4bdf6727-83a4-4518-b097-1fbeee5da1b8" name="MI_REQ_CreditCards"><con:settings><con:setting id="com.eviware.soapui.impl.wsdl.WsdlRequest@request-headers">&lt;xml-fragment/></con:setting></con:settings><con:encoding>UTF-8</con:encoding><con:endpoint>https://a2atest.aecb.gov.ae/Service.asmx</con:endpoint><con:request><![CDATA[<soapenv:Envelope xmlns:soapenv="http://schemas.xmlsoap.org/soap/envelope/" xmlns:urn="urn:crif-message:2006-08-23" xmlns:urn1="urn:crif-messagegateway:2006-08-23">
   <soapenv:Header>
      <urn:Message GId="Group Id Here" MId="Message Id Here" MTs="2017-06-05T15:36:56.7577435+04:00">
         <!--Optional:-->
         <urn:C UD="?" UId="Username Here" UPwd="Password Here">
            <!--You may enter ANY elements at this point-->
         </urn:C>
         <!--Zero or more repetitions:-->
         <urn:P SId="CB" PId="MI" PNs="urn:uae-message:2014-06-01">
            <!--You may enter ANY elements at this point-->
         </urn:P>
         <!--Optional:-->
         <urn:Tx TxNs="urn:crif-messagegateway:2006-08-23">
            <!--You may enter ANY elements at this point-->
         </urn:Tx>
         <!--You may enter ANY elements at this point-->
      </urn:Message>
   </soapenv:Header>
   <soapenv:Body>
     <urn1:MGRequest>
     <![CDATA[<?xml version="1.0" encoding="UTF-8"?>
<!--Sample XML file generated by XMLSpy v2017 rel. 3 sp1 (x64) (http://www.altova.com)-->
<u6:MI_REQ xmlns:u6="urn:MI" xmlns:xsi="http://www.w3.org/2001/XMLSchema-instance" xsi:schemaLocation="urn:MI MI_REQ.xsd">
	<u6:Contract>
		<u6:CommonData>
			<u6:CBContractId></u6:CBContractId>
			<u6:ReferenceDate></u6:ReferenceDate>
			<u6:ContractType></u6:ContractType>
			<u6:ActiveFlag></u6:ActiveFlag>
			<u6:ClosedDate></u6:ClosedDate>
			<u6:ContractStatus></u6:ContractStatus>
			<u6:ContractStatusDate></u6:ContractStatusDate>
			<u6:FraudFlag></u6:FraudFlag>
			<u6:FraudFlagDate></u6:FraudFlagDate>
		</u6:CommonData>
		<u6:CreditCards>
			<u6:CreditLimit></u6:CreditLimit>
			<u6:Balance></u6:Balance>
			<u6:OverdueAmount></u6:OverdueAmount>
			<u6:MinimumPaymentPercentage></u6:MinimumPaymentPercentage>
			<u6:CardUsedFlag></u6:CardUsedFlag>
			<u6:MinimumPaymentFlag></u6:MinimumPaymentFlag>
			<u6:PaymentFrequency></u6:PaymentFrequency>
			<u6:DaysPaymentDelay></u6:DaysPaymentDelay>
			<u6:PaymentDueDate></u6:PaymentDueDate>
			<u6:StatementDueAmount></u6:StatementDueAmount>
			<u6:ActualPaymentAmount></u6:ActualPaymentAmount>
			<u6:MethodOfPayment></u6:MethodOfPayment>
			<u6:AmountSpentInMonth></u6:AmountSpentInMonth>
		</u6:CreditCards>
	</u6:Contract>
</u6:MI_REQ>]]]]>><![CDATA[</urn1:MGRequest>
   </soapenv:Body>
</soapenv:Envelope>
]]></con:request><con:credentials><con:authType>No Authorization</con:authType></con:credentials><con:jmsConfig JMSDeliveryMode="PERSISTENT"/><con:jmsPropertyConfig/><con:wsaConfig mustUnderstand="NONE" version="200508" action="urn:crif-messagegateway:2006-08-23/ProcessMessage"/><con:wsrmConfig version="1.2"/></con:call><con:call id="a641c65c-d966-4188-b826-771f47de165a" name="MI_REQ_Installments"><con:settings><con:setting id="com.eviware.soapui.impl.wsdl.WsdlRequest@request-headers">&lt;xml-fragment/></con:setting></con:settings><con:encoding>UTF-8</con:encoding><con:endpoint>https://a2atest.aecb.gov.ae/Service.asmx</con:endpoint><con:request><![CDATA[<soapenv:Envelope xmlns:soapenv="http://schemas.xmlsoap.org/soap/envelope/" xmlns:urn="urn:crif-message:2006-08-23" xmlns:urn1="urn:crif-messagegateway:2006-08-23">
   <soapenv:Header>
      <urn:Message GId="Group Id Here" MId="Message Id Here" MTs="2017-06-05T15:36:56.7577435+04:00">
         <!--Optional:-->
         <urn:C UD="?" UId="Username Here" UPwd="Password Here">
            <!--You may enter ANY elements at this point-->
         </urn:C>
         <!--Zero or more repetitions:-->
         <urn:P SId="CB" PId="MI" PNs="urn:uae-message:2014-06-01">
            <!--You may enter ANY elements at this point-->
         </urn:P>
         <!--Optional:-->
         <urn:Tx TxNs="urn:crif-messagegateway:2006-08-23">
            <!--You may enter ANY elements at this point-->
         </urn:Tx>
         <!--You may enter ANY elements at this point-->
      </urn:Message>
   </soapenv:Header>
   <soapenv:Body>
     <urn1:MGRequest>
     <![CDATA[<?xml version="1.0" encoding="UTF-8"?>
<!--Sample XML file generated by XMLSpy v2017 rel. 3 sp1 (x64) (http://www.altova.com)-->
<u6:MI_REQ xmlns:u6="urn:MI" xmlns:xsi="http://www.w3.org/2001/XMLSchema-instance" xsi:schemaLocation="urn:MI MI_REQ.xsd">
	<u6:Contract>
		<u6:CommonData>
			<u6:CBContractId></u6:CBContractId>
			<u6:ReferenceDate></u6:ReferenceDate>
			<u6:ContractType></u6:ContractType>
			<u6:ActiveFlag></u6:ActiveFlag>
			<u6:ClosedDate></u6:ClosedDate>
			<u6:ContractStatus></u6:ContractStatus>
			<u6:ContractStatusDate></u6:ContractStatusDate>
			<u6:FraudFlag></u6:FraudFlag>
			<u6:FraudFlagDate></u6:FraudFlagDate>
		</u6:CommonData>
		<u6:Installments>
			<u6:TotalAmount></u6:TotalAmount>
			<u6:PaymentAmount></u6:PaymentAmount>
			<u6:PaymentFrequency></u6:PaymentFrequency>
			<u6:Balance></u6:Balance>
			<u6:OverdueAmount></u6:OverdueAmount>
			<u6:DaysPaymentDelay></u6:DaysPaymentDelay>
			<u6:NoOfInstallments></u6:NoOfInstallments>
			<u6:NoOfRemainingInstallments></u6:NoOfRemainingInstallments>
		</u6:Installments>
	</u6:Contract>
</u6:MI_REQ>]]]]>><![CDATA[</urn1:MGRequest>
   </soapenv:Body>
</soapenv:Envelope>
]]></con:request><con:credentials><con:authType>No Authorization</con:authType></con:credentials><con:jmsConfig JMSDeliveryMode="PERSISTENT"/><con:jmsPropertyConfig/><con:wsaConfig mustUnderstand="NONE" version="200508" action="urn:crif-messagegateway:2006-08-23/ProcessMessage"/><con:wsrmConfig version="1.2"/></con:call><con:call id="b19d535d-fe72-4e36-8158-a0ec8e522990" name="MI_REQ_NotInstallments"><con:settings><con:setting id="com.eviware.soapui.impl.wsdl.WsdlRequest@request-headers">&lt;xml-fragment/></con:setting></con:settings><con:encoding>UTF-8</con:encoding><con:endpoint>https://a2atest.aecb.gov.ae/Service.asmx</con:endpoint><con:request><![CDATA[<soapenv:Envelope xmlns:soapenv="http://schemas.xmlsoap.org/soap/envelope/" xmlns:urn="urn:crif-message:2006-08-23" xmlns:urn1="urn:crif-messagegateway:2006-08-23">
   <soapenv:Header>
      <urn:Message GId="Group Id Here" MId="Message Id Here" MTs="2017-06-05T15:36:56.7577435+04:00">
         <!--Optional:-->
         <urn:C UD="?" UId="Username Here" UPwd="Password Here">
            <!--You may enter ANY elements at this point-->
         </urn:C>
         <!--Zero or more repetitions:-->
         <urn:P SId="CB" PId="MI" PNs="urn:uae-message:2014-06-01">
            <!--You may enter ANY elements at this point-->
         </urn:P>
         <!--Optional:-->
         <urn:Tx TxNs="urn:crif-messagegateway:2006-08-23">
            <!--You may enter ANY elements at this point-->
         </urn:Tx>
         <!--You may enter ANY elements at this point-->
      </urn:Message>
   </soapenv:Header>
   <soapenv:Body>
     <urn1:MGRequest>
     <![CDATA[<?xml version="1.0" encoding="UTF-8"?>
<!--Sample XML file generated by XMLSpy v2017 rel. 3 sp1 (x64) (http://www.altova.com)-->
<u6:MI_REQ xmlns:u6="urn:MI" xmlns:xsi="http://www.w3.org/2001/XMLSchema-instance" xsi:schemaLocation="urn:MI MI_REQ.xsd">
	<u6:Contract>
		<u6:CommonData>
			<u6:CBContractId></u6:CBContractId>
			<u6:ReferenceDate></u6:ReferenceDate>
			<u6:ContractType></u6:ContractType>
			<u6:ActiveFlag></u6:ActiveFlag>
			<u6:ClosedDate></u6:ClosedDate>
			<u6:ContractStatus></u6:ContractStatus>
			<u6:ContractStatusDate></u6:ContractStatusDate>
			<u6:FraudFlag></u6:FraudFlag>
			<u6:FraudFlagDate></u6:FraudFlagDate>
		</u6:CommonData>
		<u6:NotInstallments>
			<u6:CreditLimit></u6:CreditLimit>
			<u6:Balance></u6:Balance>
			<u6:OverdueAmount></u6:OverdueAmount>
			<u6:DaysPaymentDelay></u6:DaysPaymentDelay>
		</u6:NotInstallments>
	</u6:Contract>
</u6:MI_REQ>]]]]>><![CDATA[</urn1:MGRequest>
   </soapenv:Body>
</soapenv:Envelope>
]]></con:request><con:credentials><con:authType>No Authorization</con:authType></con:credentials><con:jmsConfig JMSDeliveryMode="PERSISTENT"/><con:jmsPropertyConfig/><con:wsaConfig mustUnderstand="NONE" version="200508" action="urn:crif-messagegateway:2006-08-23/ProcessMessage"/><con:wsrmConfig version="1.2"/></con:call><con:call id="f8980973-7658-4794-8065-25e4dfd0bf8c" name="MI_REQ_Services"><con:settings><con:setting id="com.eviware.soapui.impl.wsdl.WsdlRequest@request-headers">&lt;xml-fragment/></con:setting></con:settings><con:encoding>UTF-8</con:encoding><con:endpoint>https://a2atest.aecb.gov.ae/Service.asmx</con:endpoint><con:request><![CDATA[<soapenv:Envelope xmlns:soapenv="http://schemas.xmlsoap.org/soap/envelope/" xmlns:urn="urn:crif-message:2006-08-23" xmlns:urn1="urn:crif-messagegateway:2006-08-23">
   <soapenv:Header>
      <urn:Message GId="Group Id Here" MId="Message Id Here" MTs="2017-06-05T15:36:56.7577435+04:00">
         <!--Optional:-->
         <urn:C UD="?" UId="Username Here" UPwd="Password Here">
            <!--You may enter ANY elements at this point-->
         </urn:C>
         <!--Zero or more repetitions:-->
         <urn:P SId="CB" PId="MI" PNs="urn:uae-message:2014-06-01">
            <!--You may enter ANY elements at this point-->
         </urn:P>
         <!--Optional:-->
         <urn:Tx TxNs="urn:crif-messagegateway:2006-08-23">
            <!--You may enter ANY elements at this point-->
         </urn:Tx>
         <!--You may enter ANY elements at this point-->
      </urn:Message>
   </soapenv:Header>
   <soapenv:Body>
     <urn1:MGRequest>
     <![CDATA[<?xml version="1.0" encoding="UTF-8"?>
<!--Sample XML file generated by XMLSpy v2017 rel. 3 sp1 (x64) (http://www.altova.com)-->
<u6:MI_REQ xmlns:u6="urn:MI" xmlns:xsi="http://www.w3.org/2001/XMLSchema-instance" xsi:schemaLocation="urn:MI MI_REQ.xsd">
	<u6:Contract>
		<u6:CommonData>
			<u6:CBContractId></u6:CBContractId>
			<u6:ReferenceDate></u6:ReferenceDate>
			<u6:ContractType></u6:ContractType>
			<u6:ActiveFlag></u6:ActiveFlag>
			<u6:ClosedDate></u6:ClosedDate>
			<u6:ContractStatus></u6:ContractStatus>
			<u6:ContractStatusDate></u6:ContractStatusDate>
			<u6:FraudFlag></u6:FraudFlag>
			<u6:FraudFlagDate></u6:FraudFlagDate>
		</u6:CommonData>
		<u6:Services>
			<u6:Balance></u6:Balance>
			<u6:OverdueAmount></u6:OverdueAmount>
			<u6:DaysPaymentDelay></u6:DaysPaymentDelay>
			<u6:BilledAmount></u6:BilledAmount>
			<u6:CommunicationType></u6:CommunicationType>
		</u6:Services>
	</u6:Contract>
</u6:MI_REQ>]]]]>><![CDATA[</urn1:MGRequest>
   </soapenv:Body>
</soapenv:Envelope>
]]></con:request><con:credentials><con:authType>No Authorization</con:authType></con:credentials><con:jmsConfig JMSDeliveryMode="PERSISTENT"/><con:jmsPropertyConfig/><con:wsaConfig mustUnderstand="NONE" version="200508" action="urn:crif-messagegateway:2006-08-23/ProcessMessage"/><con:wsrmConfig version="1.2"/></con:call><con:call id="8b97786e-0cc1-443c-8cd1-b82779f1b6e1" name="MU_REQ_CreditCards"><con:settings><con:setting id="com.eviware.soapui.impl.wsdl.WsdlRequest@request-headers">&lt;xml-fragment/></con:setting></con:settings><con:encoding>UTF-8</con:encoding><con:endpoint>https://a2atest.aecb.gov.ae/Service.asmx</con:endpoint><con:request><![CDATA[<soapenv:Envelope xmlns:soapenv="http://schemas.xmlsoap.org/soap/envelope/" xmlns:urn="urn:crif-message:2006-08-23" xmlns:urn1="urn:crif-messagegateway:2006-08-23">
   <soapenv:Header>
      <urn:Message GId="Group Id Here" MId="Message Id Here" MTs="2017-06-05T15:36:56.7577435+04:00">
         <!--Optional:-->
         <urn:C UD="?" UId="Username Here" UPwd="Password Here">
            <!--You may enter ANY elements at this point-->
         </urn:C>
         <!--Zero or more repetitions:-->
         <urn:P SId="CB" PId="MU" PNs="urn:uae-message:2014-06-01">
            <!--You may enter ANY elements at this point-->
         </urn:P>
         <!--Optional:-->
         <urn:Tx TxNs="urn:crif-messagegateway:2006-08-23">
            <!--You may enter ANY elements at this point-->
         </urn:Tx>
         <!--You may enter ANY elements at this point-->
      </urn:Message>
   </soapenv:Header>
   <soapenv:Body>
     <urn1:MGRequest><![CDATA[<?xml version="1.0" encoding="UTF-8"?>
<!--Sample XML file generated by XMLSpy v2017 rel. 3 sp1 (x64) (http://www.altova.com)-->
<u5:MU_REQ xmlns:u5="urn:MU" xmlns:xsi="http://www.w3.org/2001/XMLSchema-instance" xsi:schemaLocation="urn:MU MU_REQ.xsd">
	<u5:Contract>
		<u5:CommonData>
			<u5:CBContractId></u5:CBContractId>
			<u5:ReferenceDate></u5:ReferenceDate>
			<u5:ContractType></u5:ContractType>
			<u5:ActiveFlag></u5:ActiveFlag>
			<u5:ClosedDate></u5:ClosedDate>
			<u5:ContractStatus></u5:ContractStatus>
			<u5:ContractStatusDate></u5:ContractStatusDate>
			<u5:FraudFlag></u5:FraudFlag>
			<u5:FraudFlagDate></u5:FraudFlagDate>
		</u5:CommonData>
		<u5:CreditCards>
			<u5:CreditLimit></u5:CreditLimit>
			<u5:Balance></u5:Balance>
			<u5:OverdueAmount></u5:OverdueAmount>
			<u5:MinimumPaymentPercentage></u5:MinimumPaymentPercentage>
			<u5:CardUsedFlag></u5:CardUsedFlag>
			<u5:MinimumPaymentFlag></u5:MinimumPaymentFlag>
			<u5:PaymentFrequency></u5:PaymentFrequency>
			<u5:DaysPaymentDelay></u5:DaysPaymentDelay>
			<u5:PaymentDueDate></u5:PaymentDueDate>
			<u5:StatementDueAmount></u5:StatementDueAmount>
			<u5:ActualPaymentAmount></u5:ActualPaymentAmount>
		</u5:CreditCards>
	</u5:Contract>
</u5:MU_REQ>]]]]>><![CDATA[</urn1:MGRequest>
   </soapenv:Body>
</soapenv:Envelope>
]]></con:request><con:credentials><con:authType>No Authorization</con:authType></con:credentials><con:jmsConfig JMSDeliveryMode="PERSISTENT"/><con:jmsPropertyConfig/><con:wsaConfig mustUnderstand="NONE" version="200508" action="urn:crif-messagegateway:2006-08-23/ProcessMessage"/><con:wsrmConfig version="1.2"/></con:call><con:call id="06f050e4-1e2d-4b7a-9b70-ed3c4d53b03e" name="MU_REQ_Installments"><con:settings><con:setting id="com.eviware.soapui.impl.wsdl.WsdlRequest@request-headers">&lt;xml-fragment/></con:setting></con:settings><con:encoding>UTF-8</con:encoding><con:endpoint>https://a2atest.aecb.gov.ae/Service.asmx</con:endpoint><con:request><![CDATA[<soapenv:Envelope xmlns:soapenv="http://schemas.xmlsoap.org/soap/envelope/" xmlns:urn="urn:crif-message:2006-08-23" xmlns:urn1="urn:crif-messagegateway:2006-08-23">
   <soapenv:Header>
      <urn:Message GId="Group Id Here" MId="Message Id Here" MTs="2017-06-05T15:36:56.7577435+04:00">
         <!--Optional:-->
         <urn:C UD="?" UId="Username Here" UPwd="Password Here">
            <!--You may enter ANY elements at this point-->
         </urn:C>
         <!--Zero or more repetitions:-->
         <urn:P SId="CB" PId="MU" PNs="urn:uae-message:2014-06-01">
            <!--You may enter ANY elements at this point-->
         </urn:P>
         <!--Optional:-->
         <urn:Tx TxNs="urn:crif-messagegateway:2006-08-23">
            <!--You may enter ANY elements at this point-->
         </urn:Tx>
         <!--You may enter ANY elements at this point-->
      </urn:Message>
   </soapenv:Header>
   <soapenv:Body>
     <urn1:MGRequest><![CDATA[<?xml version="1.0" encoding="UTF-8"?>
<!--Sample XML file generated by XMLSpy v2017 rel. 3 sp1 (x64) (http://www.altova.com)-->
<u5:MU_REQ xmlns:u5="urn:MU" xmlns:xsi="http://www.w3.org/2001/XMLSchema-instance" xsi:schemaLocation="urn:MU MU_REQ.xsd">
	<u5:Contract>
		<u5:CommonData>
			<u5:CBContractId></u5:CBContractId>
			<u5:ReferenceDate></u5:ReferenceDate>
			<u5:ContractType></u5:ContractType>
			<u5:ActiveFlag></u5:ActiveFlag>
			<u5:ClosedDate></u5:ClosedDate>
			<u5:ContractStatus></u5:ContractStatus>
			<u5:ContractStatusDate></u5:ContractStatusDate>
			<u5:FraudFlag></u5:FraudFlag>
			<u5:FraudFlagDate></u5:FraudFlagDate>
		</u5:CommonData>
		<u5:Installments>
			<u5:TotalAmount></u5:TotalAmount>
			<u5:PaymentAmount></u5:PaymentAmount>
			<u5:PaymentFrequency></u5:PaymentFrequency>
			<u5:Balance></u5:Balance>
			<u5:OverdueAmount></u5:OverdueAmount>
			<u5:DaysPaymentDelay></u5:DaysPaymentDelay>
		</u5:Installments>
	</u5:Contract>
</u5:MU_REQ>]]]]>><![CDATA[</urn1:MGRequest>
   </soapenv:Body>
</soapenv:Envelope>
]]></con:request><con:credentials><con:authType>No Authorization</con:authType></con:credentials><con:jmsConfig JMSDeliveryMode="PERSISTENT"/><con:jmsPropertyConfig/><con:wsaConfig mustUnderstand="NONE" version="200508" action="urn:crif-messagegateway:2006-08-23/ProcessMessage"/><con:wsrmConfig version="1.2"/></con:call><con:call id="428e8223-9d1d-413a-a5c6-6a8049078653" name="MU_REQ_NotInstallments"><con:settings><con:setting id="com.eviware.soapui.impl.wsdl.WsdlRequest@request-headers">&lt;xml-fragment/></con:setting></con:settings><con:encoding>UTF-8</con:encoding><con:endpoint>https://a2atest.aecb.gov.ae/Service.asmx</con:endpoint><con:request><![CDATA[<soapenv:Envelope xmlns:soapenv="http://schemas.xmlsoap.org/soap/envelope/" xmlns:urn="urn:crif-message:2006-08-23" xmlns:urn1="urn:crif-messagegateway:2006-08-23">
   <soapenv:Header>
      <urn:Message GId="Group Id Here" MId="Message Id Here" MTs="2017-06-05T15:36:56.7577435+04:00">
         <!--Optional:-->
         <urn:C UD="?" UId="Username Here" UPwd="Password Here">
            <!--You may enter ANY elements at this point-->
         </urn:C>
         <!--Zero or more repetitions:-->
         <urn:P SId="CB" PId="MU" PNs="urn:uae-message:2014-06-01">
            <!--You may enter ANY elements at this point-->
         </urn:P>
         <!--Optional:-->
         <urn:Tx TxNs="urn:crif-messagegateway:2006-08-23">
            <!--You may enter ANY elements at this point-->
         </urn:Tx>
         <!--You may enter ANY elements at this point-->
      </urn:Message>
   </soapenv:Header>
   <soapenv:Body>
     <urn1:MGRequest><![CDATA[<?xml version="1.0" encoding="UTF-8"?>
<!--Sample XML file generated by XMLSpy v2017 rel. 3 sp1 (x64) (http://www.altova.com)-->
<u5:MU_REQ xmlns:u5="urn:MU" xmlns:xsi="http://www.w3.org/2001/XMLSchema-instance" xsi:schemaLocation="urn:MU MU_REQ.xsd">
	<u5:Contract>
		<u5:CommonData>
			<u5:CBContractId></u5:CBContractId>
			<u5:ReferenceDate></u5:ReferenceDate>
			<u5:ContractType></u5:ContractType>
			<u5:ActiveFlag></u5:ActiveFlag>
			<u5:ClosedDate></u5:ClosedDate>
			<u5:ContractStatus></u5:ContractStatus>
			<u5:ContractStatusDate></u5:ContractStatusDate>
			<u5:FraudFlag></u5:FraudFlag>
			<u5:FraudFlagDate></u5:FraudFlagDate>
		</u5:CommonData>
		<u5:NotInstallments>
			<u5:CreditLimit></u5:CreditLimit>
			<u5:Balance></u5:Balance>
			<u5:OverdueAmount></u5:OverdueAmount>
			<u5:DaysPaymentDelay></u5:DaysPaymentDelay>
		</u5:NotInstallments>
	</u5:Contract>
</u5:MU_REQ>]]]]>><![CDATA[</urn1:MGRequest>
   </soapenv:Body>
</soapenv:Envelope>
]]></con:request><con:credentials><con:authType>No Authorization</con:authType></con:credentials><con:jmsConfig JMSDeliveryMode="PERSISTENT"/><con:jmsPropertyConfig/><con:wsaConfig mustUnderstand="NONE" version="200508" action="urn:crif-messagegateway:2006-08-23/ProcessMessage"/><con:wsrmConfig version="1.2"/></con:call><con:call id="b90cb6b9-55c6-4478-811d-34b9075b5cb4" name="MU_REQ_Services"><con:settings><con:setting id="com.eviware.soapui.impl.wsdl.WsdlRequest@request-headers">&lt;xml-fragment/></con:setting></con:settings><con:encoding>UTF-8</con:encoding><con:endpoint>https://a2atest.aecb.gov.ae/Service.asmx</con:endpoint><con:request><![CDATA[<soapenv:Envelope xmlns:soapenv="http://schemas.xmlsoap.org/soap/envelope/" xmlns:urn="urn:crif-message:2006-08-23" xmlns:urn1="urn:crif-messagegateway:2006-08-23">
   <soapenv:Header>
      <urn:Message GId="Group Id Here" MId="Message Id Here" MTs="2017-06-05T15:36:56.7577435+04:00">
         <!--Optional:-->
         <urn:C UD="?" UId="Username Here" UPwd="Password Here">
            <!--You may enter ANY elements at this point-->
         </urn:C>
         <!--Zero or more repetitions:-->
         <urn:P SId="CB" PId="MU" PNs="urn:uae-message:2014-06-01">
            <!--You may enter ANY elements at this point-->
         </urn:P>
         <!--Optional:-->
         <urn:Tx TxNs="urn:crif-messagegateway:2006-08-23">
            <!--You may enter ANY elements at this point-->
         </urn:Tx>
         <!--You may enter ANY elements at this point-->
      </urn:Message>
   </soapenv:Header>
   <soapenv:Body>
     <urn1:MGRequest><![CDATA[<?xml version="1.0" encoding="UTF-8"?>
<!--Sample XML file generated by XMLSpy v2017 rel. 3 sp1 (x64) (http://www.altova.com)-->
<u5:MU_REQ xmlns:u5="urn:MU" xmlns:xsi="http://www.w3.org/2001/XMLSchema-instance" xsi:schemaLocation="urn:MU MU_REQ.xsd">
	<u5:Contract>
		<u5:CommonData>
			<u5:CBContractId></u5:CBContractId>
			<u5:ReferenceDate></u5:ReferenceDate>
			<u5:ContractType></u5:ContractType>
			<u5:ActiveFlag></u5:ActiveFlag>
			<u5:ClosedDate></u5:ClosedDate>
			<u5:ContractStatus></u5:ContractStatus>
			<u5:ContractStatusDate></u5:ContractStatusDate>
			<u5:FraudFlag></u5:FraudFlag>
			<u5:FraudFlagDate></u5:FraudFlagDate>
		</u5:CommonData>
		<u5:Services>
			<u5:Balance></u5:Balance>
			<u5:OverdueAmount></u5:OverdueAmount>
			<u5:DaysPaymentDelay></u5:DaysPaymentDelay>
		</u5:Services>
	</u5:Contract>
</u5:MU_REQ>]]]]>><![CDATA[</urn1:MGRequest>
   </soapenv:Body>
</soapenv:Envelope>
]]></con:request><con:credentials><con:authType>No Authorization</con:authType></con:credentials><con:jmsConfig JMSDeliveryMode="PERSISTENT"/><con:jmsPropertyConfig/><con:wsaConfig mustUnderstand="NONE" version="200508" action="urn:crif-messagegateway:2006-08-23/ProcessMessage"/><con:wsrmConfig version="1.2"/></con:call><con:call id="49dd6fca-c207-4613-9df7-6dbdcc2a1316" name="GS_REQ"><con:settings><con:setting id="com.eviware.soapui.impl.wsdl.WsdlRequest@request-headers">&lt;xml-fragment/></con:setting></con:settings><con:encoding>UTF-8</con:encoding><con:endpoint>https://a2atest.aecb.gov.ae/Service.asmx</con:endpoint><con:request><![CDATA[<soapenv:Envelope xmlns:soapenv="http://schemas.xmlsoap.org/soap/envelope/" xmlns:urn="urn:crif-message:2006-08-23" xmlns:urn1="urn:crif-messagegateway:2006-08-23">
   <soapenv:Header>
      <urn:Message GId="Group Id Here" MId="Message Id Here" MTs="2017-06-05T15:36:56.7577435+04:00">
         <!--Optional:-->
         <urn:C UD="?" UId="Username Here" UPwd="Password Here">
            <!--You may enter ANY elements at this point-->
         </urn:C>
         <!--Zero or more repetitions:-->
         <urn:P SId="CB" PId="GS" PNs="urn:uae-message:2014-06-01">
            <!--You may enter ANY elements at this point-->
         </urn:P>
         <!--Optional:-->
         <urn:Tx TxNs="urn:crif-messagegateway:2006-08-23">
            <!--You may enter ANY elements at this point-->
         </urn:Tx>
         <!--You may enter ANY elements at this point-->
      </urn:Message>
   </soapenv:Header>
   <soapenv:Body>
      <urn1:MGRequest><![CDATA[<?xml version="1.0" encoding="UTF-8"?>
<!--Sample XML file generated by XMLSpy v2017 rel. 3 sp1 (x64) (http://www.altova.com)-->
<u8:GS_REQ xmlns:u8="urn:GS" xmlns:xsi="http://www.w3.org/2001/XMLSchema-instance" xsi:schemaLocation="urn:GS GS_REQ.xsd">
	<u8:ProviderSubjectNo></u8:ProviderSubjectNo>
</u8:GS_REQ>]]]]>><![CDATA[
      </urn1:MGRequest>
   </soapenv:Body>
</soapenv:Envelope>
]]></con:request><con:credentials><con:authType>No Authorization</con:authType></con:credentials><con:jmsConfig JMSDeliveryMode="PERSISTENT"/><con:jmsPropertyConfig/><con:wsaConfig mustUnderstand="NONE" version="200508" action="urn:crif-messagegateway:2006-08-23/ProcessMessage"/><con:wsrmConfig version="1.2"/></con:call><con:call id="aa85a057-48c0-42c9-ba30-310638895075" name="SU_REQ_Company"><con:settings><con:setting id="com.eviware.soapui.impl.wsdl.WsdlRequest@request-headers">&lt;xml-fragment/></con:setting></con:settings><con:encoding>UTF-8</con:encoding><con:endpoint>https://a2atest.aecb.gov.ae/Service.asmx</con:endpoint><con:request><![CDATA[<soapenv:Envelope xmlns:soapenv="http://schemas.xmlsoap.org/soap/envelope/" xmlns:urn="urn:crif-message:2006-08-23" xmlns:urn1="urn:crif-messagegateway:2006-08-23">
   <soapenv:Header>
      <urn:Message GId="Group Id Here" MId="Message Id Here" MTs="2017-07-23T06:11:14+00:00">
         <!--Optional:-->
         <urn:C UD="?" UId="Username Here" UPwd="Password Here">
            <!--You may enter ANY elements at this point-->
         </urn:C>
         <!--Zero or more repetitions:-->
         <urn:P SId="CB" PId="SU" PNs="urn:uae-message:2014-06-01">
            <!--You may enter ANY elements at this point-->
         </urn:P>
         <!--Optional:-->
         <urn:Tx TxNs="urn:crif-messagegateway:2006-08-23">
            <!--You may enter ANY elements at this point-->
         </urn:Tx>
         <!--You may enter ANY elements at this point-->
      </urn:Message>
   </soapenv:Header>
   <soapenv:Body>
      <urn1:MGRequest><![CDATA[<?xml version="1.0" encoding="UTF-8"?>
<!--Sample XML file generated by XMLSpy v2017 rel. 3 sp1 (x64) (http://www.altova.com)-->
<u9:SU_REQ xmlns:u9="urn:SU" xmlns:xsi="http://www.w3.org/2001/XMLSchema-instance" xsi:schemaLocation="urn:SU SU_REQ.xsd">
	<u9:Subject>
		<u9:CBSubjectId></u9:CBSubjectId>
		<u9:ProviderSubjectNo></u9:ProviderSubjectNo>
		<u9:Company>
			<u9:TradeNameHistory>
				<u9:TradeNameData>
					<u9:UID></u9:UID>
					<u9:TradeName></u9:TradeName>
					<u9:ActualFlag></u9:ActualFlag>
					<u9:FlagOpenRectification></u9:FlagOpenRectification>
				</u9:TradeNameData>
			</u9:TradeNameHistory>
			<u9:TradeNameARHistory>
				<u9:TradeNameARData>
					<u9:UID></u9:UID>
					<u9:TradeNameAR></u9:TradeNameAR>
					<u9:ActualFlag></u9:ActualFlag>
					<u9:FlagOpenRectification></u9:FlagOpenRectification>
				</u9:TradeNameARData>
			</u9:TradeNameARHistory>
			<u9:DateOfEstablishmentHistory>
				<u9:DateOfEstablishmentData>
					<u9:UID></u9:UID>
					<u9:DateOfEstablishment></u9:DateOfEstablishment>
					<u9:ActualFlag></u9:ActualFlag>
					<u9:FlagOpenRectification></u9:FlagOpenRectification>
				</u9:DateOfEstablishmentData>
			</u9:DateOfEstablishmentHistory>
			<u9:TradeLicenseHistory>
				<u9:TradeLicense>
					<u9:UID></u9:UID>
					<u9:RegistrationPlace></u9:RegistrationPlace>
					<u9:Number></u9:Number>
					<u9:ActualFlag></u9:ActualFlag>
					<u9:FlagOpenRectification></u9:FlagOpenRectification>
				</u9:TradeLicense>
			</u9:TradeLicenseHistory>
			<u9:AddressHistory>
				<u9:AddressData>
					<u9:UID></u9:UID>
					<u9:Emirate></u9:Emirate>
					<u9:POBox></u9:POBox>
					<u9:ActualFlag></u9:ActualFlag>
					<u9:FlagOpenRectification></u9:FlagOpenRectification>
				</u9:AddressData>
			</u9:AddressHistory>
			<u9:ContactHistory>
				<u9:ContactData>
					<u9:UID></u9:UID>
					<u9:ContactType></u9:ContactType>
					<u9:Contact></u9:Contact>
					<u9:ActualFlag></u9:ActualFlag>
					<u9:FlagOpenRectification></u9:FlagOpenRectification>
				</u9:ContactData>
			</u9:ContactHistory>
		</u9:Company>
	</u9:Subject>
</u9:SU_REQ>]]]]>><![CDATA[
      </urn1:MGRequest>
   </soapenv:Body>
</soapenv:Envelope>
]]></con:request><con:credentials><con:authType>No Authorization</con:authType></con:credentials><con:jmsConfig JMSDeliveryMode="PERSISTENT"/><con:jmsPropertyConfig/><con:wsaConfig mustUnderstand="NONE" version="200508" action="urn:crif-messagegateway:2006-08-23/ProcessMessage"/><con:wsrmConfig version="1.2"/></con:call><con:call id="48d1d25f-8922-470a-a274-f45a62fab419" name="SU_REQ_Individual"><con:settings><con:setting id="com.eviware.soapui.impl.wsdl.WsdlRequest@request-headers">&lt;xml-fragment/></con:setting></con:settings><con:encoding>UTF-8</con:encoding><con:endpoint>https://a2atest.aecb.gov.ae/Service.asmx</con:endpoint><con:request><![CDATA[<soapenv:Envelope xmlns:soapenv="http://schemas.xmlsoap.org/soap/envelope/" xmlns:urn="urn:crif-message:2006-08-23" xmlns:urn1="urn:crif-messagegateway:2006-08-23">
   <soapenv:Header>
      <urn:Message GId="Group Id Here" MId="Message Id Here" MTs="2017-07-23T06:11:14+00:00">
         <!--Optional:-->
         <urn:C UD="?" UId="Username Here" UPwd="Password Here">
            <!--You may enter ANY elements at this point-->
         </urn:C>
         <!--Zero or more repetitions:-->
         <urn:P SId="CB" PId="SU" PNs="urn:uae-message:2014-06-01">
            <!--You may enter ANY elements at this point-->
         </urn:P>
         <!--Optional:-->
         <urn:Tx TxNs="urn:crif-messagegateway:2006-08-23">
            <!--You may enter ANY elements at this point-->
         </urn:Tx>
         <!--You may enter ANY elements at this point-->
      </urn:Message>
   </soapenv:Header>
   <soapenv:Body>
      <urn1:MGRequest><![CDATA[<?xml version="1.0" encoding="UTF-8"?>
<!--Sample XML file generated by XMLSpy v2017 rel. 3 sp1 (x64) (http://www.altova.com)-->
<u9:SU_REQ xmlns:u9="urn:SU" xmlns:xsi="http://www.w3.org/2001/XMLSchema-instance" xsi:schemaLocation="urn:SU SU_REQ.xsd">
	<u9:Subject>
		<u9:CBSubjectId></u9:CBSubjectId>
		<u9:ProviderSubjectNo></u9:ProviderSubjectNo>
		<u9:Individual>
			<u9:FirstNameENHistory>
				<u9:FirstNameENData>
					<u9:UID></u9:UID>
					<u9:FirstNameEN></u9:FirstNameEN>
					<u9:ActualFlag></u9:ActualFlag>
					<u9:FlagOpenRectification></u9:FlagOpenRectification>
				</u9:FirstNameENData>
			</u9:FirstNameENHistory>
			<u9:LastNameENHistory>
				<u9:LastNameENData>
					<u9:UID></u9:UID>
					<u9:LastNameEN></u9:LastNameEN>
					<u9:ActualFlag></u9:ActualFlag>
					<u9:FlagOpenRectification></u9:FlagOpenRectification>
				</u9:LastNameENData>
			</u9:LastNameENHistory>
			<u9:FullNameENHistory>
				<u9:FullNameENData>
					<u9:UID></u9:UID>
					<u9:FullNameEN></u9:FullNameEN>
					<u9:ActualFlag></u9:ActualFlag>
					<u9:FlagOpenRectification></u9:FlagOpenRectification>
				</u9:FullNameENData>
			</u9:FullNameENHistory>
			<u9:FirstNameARHistory>
				<u9:FirstNameARData>
					<u9:UID></u9:UID>
					<u9:FirstNameAR></u9:FirstNameAR>
					<u9:ActualFlag></u9:ActualFlag>
					<u9:FlagOpenRectification></u9:FlagOpenRectification>
				</u9:FirstNameARData>
			</u9:FirstNameARHistory>
			<u9:LastNameARHistory>
				<u9:LastNameARData>
					<u9:UID></u9:UID>
					<u9:LastNameAR></u9:LastNameAR>
					<u9:ActualFlag></u9:ActualFlag>
					<u9:FlagOpenRectification></u9:FlagOpenRectification>
				</u9:LastNameARData>
			</u9:LastNameARHistory>
			<u9:FullNameARHistory>
				<u9:FullNameARData>
					<u9:UID></u9:UID>
					<u9:FullNameAR></u9:FullNameAR>
					<u9:ActualFlag></u9:ActualFlag>
					<u9:FlagOpenRectification></u9:FlagOpenRectification>
				</u9:FullNameARData>
			</u9:FullNameARHistory>
			<u9:GenderHistory>
				<u9:GenderData>
					<u9:UID></u9:UID>
					<u9:Gender></u9:Gender>
					<u9:ActualFlag></u9:ActualFlag>
					<u9:FlagOpenRectification></u9:FlagOpenRectification>
				</u9:GenderData>
			</u9:GenderHistory>
			<u9:DOBHistory>
				<u9:DOBData>
					<u9:UID></u9:UID>
					<u9:DOB></u9:DOB>
					<u9:ActualFlag></u9:ActualFlag>
					<u9:FlagOpenRectification></u9:FlagOpenRectification>
				</u9:DOBData>
			</u9:DOBHistory>
			<u9:NationalityHistory>
				<u9:NationalityData>
					<u9:UID></u9:UID>
					<u9:Nationality></u9:Nationality>
					<u9:ActualFlag></u9:ActualFlag>
					<u9:FlagOpenRectification></u9:FlagOpenRectification>
				</u9:NationalityData>
			</u9:NationalityHistory>
			<u9:TitleHistory>
				<u9:TitleData>
					<u9:UID></u9:UID>
					<u9:Title></u9:Title>
					<u9:ActualFlag></u9:ActualFlag>
					<u9:FlagOpenRectification></u9:FlagOpenRectification>
				</u9:TitleData>
			</u9:TitleHistory>
			<u9:ResidentFlagHistory>
				<u9:ResidentFlagData>
					<u9:UID></u9:UID>
					<u9:ResidentFlag></u9:ResidentFlag>
					<u9:ActualFlag></u9:ActualFlag>
					<u9:FlagOpenRectification></u9:FlagOpenRectification>
				</u9:ResidentFlagData>
			</u9:ResidentFlagHistory>
			<u9:PassportHistory>
				<u9:PassportData>
					<u9:UID></u9:UID>
					<u9:PassportNo></u9:PassportNo>
					<u9:PassportExpiryDate></u9:PassportExpiryDate>
					<u9:ActualFlag></u9:ActualFlag>
					<u9:FlagOpenRectification></u9:FlagOpenRectification>
				</u9:PassportData>
			</u9:PassportHistory>
			<u9:DrivingLicenseHistory>
				<u9:DrivingLicenseData>
					<u9:UID></u9:UID>
					<u9:DrivingLicenseNo></u9:DrivingLicenseNo>
					<u9:ActualFlag></u9:ActualFlag>
					<u9:FlagOpenRectification></u9:FlagOpenRectification>
				</u9:DrivingLicenseData>
			</u9:DrivingLicenseHistory>
			<u9:EmiratesIdHistory>
				<u9:EmiratesIdData>
					<u9:UID></u9:UID>
					<u9:EmiratesId></u9:EmiratesId>
					<u9:ActualFlag></u9:ActualFlag>
					<u9:FlagOpenRectification></u9:FlagOpenRectification>
				</u9:EmiratesIdData>
			</u9:EmiratesIdHistory>
			<u9:AddressHistory>
				<u9:AddressData>
					<u9:UID></u9:UID>
					<u9:Emirate></u9:Emirate>
					<u9:POBox></u9:POBox>
					<u9:ActualFlag></u9:ActualFlag>
					<u9:FlagOpenRectification></u9:FlagOpenRectification>
				</u9:AddressData>
			</u9:AddressHistory>
			<u9:ContactHistory>
				<u9:ContactData>
					<u9:UID></u9:UID>
					<u9:ContactType></u9:ContactType>
					<u9:Contact></u9:Contact>
					<u9:ActualFlag></u9:ActualFlag>
					<u9:FlagOpenRectification></u9:FlagOpenRectification>
				</u9:ContactData>
			</u9:ContactHistory>
			<u9:EmploymentHistory>
				<u9:EmploymentInfo>
					<u9:UID></u9:UID>
					<u9:Name></u9:Name>
					<u9:GrossAnnualIncome></u9:GrossAnnualIncome>
					<u9:ActualFlag></u9:ActualFlag>
					<u9:FlagOpenRectification></u9:FlagOpenRectification>
				</u9:EmploymentInfo>
			</u9:EmploymentHistory>
		</u9:Individual>
	</u9:Subject>
</u9:SU_REQ>]]]]>><![CDATA[
      </urn1:MGRequest>
   </soapenv:Body>
</soapenv:Envelope>
]]></con:request><con:credentials><con:authType>No Authorization</con:authType></con:credentials><con:jmsConfig JMSDeliveryMode="PERSISTENT"/><con:jmsPropertyConfig/><con:wsaConfig mustUnderstand="NONE" version="200508" action="urn:crif-messagegateway:2006-08-23/ProcessMessage"/><con:wsrmConfig version="1.2"/></con:call><con:call id="f6a3ded4-e100-48a5-a0fc-542b14431e4f" name="ME_REQ_Individual or Company_by CB Contract ID"><con:settings><con:setting id="com.eviware.soapui.impl.wsdl.WsdlRequest@request-headers">&lt;xml-fragment/></con:setting></con:settings><con:encoding>UTF-8</con:encoding><con:endpoint>https://a2atest.aecb.gov.ae/Service.asmx</con:endpoint><con:request><![CDATA[<soapenv:Envelope xmlns:soapenv="http://schemas.xmlsoap.org/soap/envelope/" xmlns:urn="urn:crif-message:2006-08-23" xmlns:urn1="urn:crif-messagegateway:2006-08-23">
   <soapenv:Header>
      <urn:Message GId="Group Id Here" MId="Message Id Here" MTs="2017-07-23T06:11:14+00:00">
         <!--Optional:-->
         <urn:C UD="?" UId="Username Here" UPwd="Password Here">
            <!--You may enter ANY elements at this point-->
         </urn:C>
         <!--Zero or more repetitions:-->
         <urn:P SId="CB" PId="ME" PNs="urn:uae-message:2014-06-01">
            <!--You may enter ANY elements at this point-->
         </urn:P>
         <!--Optional:-->
         <urn:Tx TxNs="urn:crif-messagegateway:2006-08-23">
            <!--You may enter ANY elements at this point-->
         </urn:Tx>
         <!--You may enter ANY elements at this point-->
      </urn:Message>
   </soapenv:Header>
   <soapenv:Body>
      <urn1:MGRequest><![CDATA[<?xml version="1.0" encoding="UTF-8"?>
<!--Sample XML file generated by XMLSpy v2017 rel. 3 sp1 (x64) (http://www.altova.com)-->
<u1:ME_REQ xmlns:u1="urn:ME" xmlns:xsi="http://www.w3.org/2001/XMLSchema-instance" xsi:schemaLocation="urn:ME ME_REQ.xsd">
	<u1:ConsentFlag></u1:ConsentFlag>
	<u1:CBContractId></u1:CBContractId>
</u1:ME_REQ>]]]]>><![CDATA[
      </urn1:MGRequest>
   </soapenv:Body>
</soapenv:Envelope>
]]></con:request><con:credentials><con:authType>No Authorization</con:authType></con:credentials><con:jmsConfig JMSDeliveryMode="PERSISTENT"/><con:jmsPropertyConfig/><con:wsaConfig mustUnderstand="NONE" version="200508" action="urn:crif-messagegateway:2006-08-23/ProcessMessage"/><con:wsrmConfig version="1.2"/></con:call><con:call id="c0e52b22-cbec-49f9-8502-cd8802d2bf54" name="ME_REQ_Individual or Company_by CB Subject ID"><con:settings><con:setting id="com.eviware.soapui.impl.wsdl.WsdlRequest@request-headers">&lt;xml-fragment/></con:setting></con:settings><con:encoding>UTF-8</con:encoding><con:endpoint>https://a2atest.aecb.gov.ae/Service.asmx</con:endpoint><con:request><![CDATA[<soapenv:Envelope xmlns:soapenv="http://schemas.xmlsoap.org/soap/envelope/" xmlns:urn="urn:crif-message:2006-08-23" xmlns:urn1="urn:crif-messagegateway:2006-08-23">
   <soapenv:Header>
      <urn:Message GId="Group Id Here" MId="Message Id Here" MTs="2017-07-23T06:11:14+00:00">
         <!--Optional:-->
         <urn:C UD="?" UId="Username Here" UPwd="Password Here">
            <!--You may enter ANY elements at this point-->
         </urn:C>
         <!--Zero or more repetitions:-->
         <urn:P SId="CB" PId="ME" PNs="urn:uae-message:2014-06-01">
            <!--You may enter ANY elements at this point-->
         </urn:P>
         <!--Optional:-->
         <urn:Tx TxNs="urn:crif-messagegateway:2006-08-23">
            <!--You may enter ANY elements at this point-->
         </urn:Tx>
         <!--You may enter ANY elements at this point-->
      </urn:Message>
   </soapenv:Header>
   <soapenv:Body>
      <urn1:MGRequest><![CDATA[<?xml version="1.0" encoding="UTF-8"?>
<!--Sample XML file generated by XMLSpy v2017 rel. 3 sp1 (x64) (http://www.altova.com)-->
<u1:ME_REQ xmlns:u1="urn:ME" xmlns:xsi="http://www.w3.org/2001/XMLSchema-instance" xsi:schemaLocation="urn:ME ME_REQ.xsd">
	<u1:ConsentFlag></u1:ConsentFlag>
	<u1:CBSubjectId></u1:CBSubjectId>
</u1:ME_REQ>]]]]>><![CDATA[
      </urn1:MGRequest>
   </soapenv:Body>
</soapenv:Envelope>
]]></con:request><con:credentials><con:authType>No Authorization</con:authType></con:credentials><con:jmsConfig JMSDeliveryMode="PERSISTENT"/><con:jmsPropertyConfig/><con:wsaConfig mustUnderstand="NONE" version="200508" action="urn:crif-messagegateway:2006-08-23/ProcessMessage"/><con:wsrmConfig version="1.2"/></con:call><con:call id="70b775b1-7795-40e9-8cbf-05eb2dd53462" name="ME_REQ_Individual or Company_by ProviderContractNo"><con:settings><con:setting id="com.eviware.soapui.impl.wsdl.WsdlRequest@request-headers">&lt;xml-fragment/></con:setting></con:settings><con:encoding>UTF-8</con:encoding><con:endpoint>https://a2atest.aecb.gov.ae/Service.asmx</con:endpoint><con:request><![CDATA[<soapenv:Envelope xmlns:soapenv="http://schemas.xmlsoap.org/soap/envelope/" xmlns:urn="urn:crif-message:2006-08-23" xmlns:urn1="urn:crif-messagegateway:2006-08-23">
   <soapenv:Header>
      <urn:Message GId="Group Id Here" MId="Message Id Here" MTs="2017-07-23T06:11:14+00:00">
         <!--Optional:-->
         <urn:C UD="?" UId="Username Here" UPwd="Password Here">
            <!--You may enter ANY elements at this point-->
         </urn:C>
         <!--Zero or more repetitions:-->
         <urn:P SId="CB" PId="ME" PNs="urn:uae-message:2014-06-01">
            <!--You may enter ANY elements at this point-->
         </urn:P>
         <!--Optional:-->
         <urn:Tx TxNs="urn:crif-messagegateway:2006-08-23">
            <!--You may enter ANY elements at this point-->
         </urn:Tx>
         <!--You may enter ANY elements at this point-->
      </urn:Message>
   </soapenv:Header>
   <soapenv:Body>
      <urn1:MGRequest><![CDATA[<?xml version="1.0" encoding="UTF-8"?>
<!--Sample XML file generated by XMLSpy v2017 rel. 3 sp1 (x64) (http://www.altova.com)-->
<u1:ME_REQ xmlns:u1="urn:ME" xmlns:xsi="http://www.w3.org/2001/XMLSchema-instance" xsi:schemaLocation="urn:ME ME_REQ.xsd">
	<u1:ConsentFlag></u1:ConsentFlag>
	<u1:ProviderContractNo></u1:ProviderContractNo>
</u1:ME_REQ>]]]]>><![CDATA[
      </urn1:MGRequest>
   </soapenv:Body>
</soapenv:Envelope>
]]></con:request><con:credentials><con:authType>No Authorization</con:authType></con:credentials><con:jmsConfig JMSDeliveryMode="PERSISTENT"/><con:jmsPropertyConfig/><con:wsaConfig mustUnderstand="NONE" version="200508" action="urn:crif-messagegateway:2006-08-23/ProcessMessage"/><con:wsrmConfig version="1.2"/></con:call><con:call id="ed0178aa-5955-4502-8cf1-2b227a088bbf" name="ME_REQ_Individual or Company_by ProviderSubjectNo"><con:settings><con:setting id="com.eviware.soapui.impl.wsdl.WsdlRequest@request-headers">&lt;xml-fragment/></con:setting></con:settings><con:encoding>UTF-8</con:encoding><con:endpoint>https://a2atest.aecb.gov.ae/Service.asmx</con:endpoint><con:request><![CDATA[<soapenv:Envelope xmlns:soapenv="http://schemas.xmlsoap.org/soap/envelope/" xmlns:urn="urn:crif-message:2006-08-23" xmlns:urn1="urn:crif-messagegateway:2006-08-23">
   <soapenv:Header>
      <urn:Message GId="Group Id Here" MId="Message Id Here" MTs="2017-07-23T06:11:14+00:00">
         <!--Optional:-->
         <urn:C UD="?" UId="Username Here" UPwd="Password Here">
            <!--You may enter ANY elements at this point-->
         </urn:C>
         <!--Zero or more repetitions:-->
         <urn:P SId="CB" PId="ME" PNs="urn:uae-message:2014-06-01">
            <!--You may enter ANY elements at this point-->
         </urn:P>
         <!--Optional:-->
         <urn:Tx TxNs="urn:crif-messagegateway:2006-08-23">
            <!--You may enter ANY elements at this point-->
         </urn:Tx>
         <!--You may enter ANY elements at this point-->
      </urn:Message>
   </soapenv:Header>
   <soapenv:Body>
      <urn1:MGRequest><![CDATA[<?xml version="1.0" encoding="UTF-8"?>
<!--Sample XML file generated by XMLSpy v2017 rel. 3 sp1 (x64) (http://www.altova.com)-->
<u1:ME_REQ xmlns:u1="urn:ME" xmlns:xsi="http://www.w3.org/2001/XMLSchema-instance" xsi:schemaLocation="urn:ME ME_REQ.xsd">
	<u1:ConsentFlag></u1:ConsentFlag>
	<u1:ProviderSubjectNo></u1:ProviderSubjectNo>
</u1:ME_REQ>]]]]>><![CDATA[
      </urn1:MGRequest>
   </soapenv:Body>
</soapenv:Envelope>
]]></con:request><con:credentials><con:authType>No Authorization</con:authType></con:credentials><con:jmsConfig JMSDeliveryMode="PERSISTENT"/><con:jmsPropertyConfig/><con:wsaConfig mustUnderstand="NONE" version="200508" action="urn:crif-messagegateway:2006-08-23/ProcessMessage"/><con:wsrmConfig version="1.2"/></con:call><con:call id="81b6f93a-aaaf-4a2b-be0a-fc5ce4a91ca0" name="NAE_REQ_Company_Credit Cards"><con:settings><con:setting id="com.eviware.soapui.impl.wsdl.WsdlRequest@request-headers">&lt;xml-fragment/></con:setting></con:settings><con:encoding>UTF-8</con:encoding><con:endpoint>https://a2atest.aecb.gov.ae/Service.asmx</con:endpoint><con:request><![CDATA[<soapenv:Envelope xmlns:soapenv="http://schemas.xmlsoap.org/soap/envelope/" xmlns:urn="urn:crif-message:2006-08-23" xmlns:urn1="urn:crif-messagegateway:2006-08-23">
   <soapenv:Header>
      <urn:Message GId="Group Id Here" MId="Message Id Here" MTs="2017-06-05T15:36:56.7577435+04:00">
         <!--Optional:-->
         <urn:C UD="?" UId="Username Here" UPwd="Password Here">
            <!--You may enter ANY elements at this point-->
         </urn:C>
         <!--Zero or more repetitions:-->
         <urn:P SId="CB" PId="NAE" PNs="urn:uae-message:2014-06-01">
            <!--You may enter ANY elements at this point-->
         </urn:P>
         <!--Optional:-->
         <urn:Tx TxNs="urn:crif-messagegateway:2006-08-23">
            <!--You may enter ANY elements at this point-->
         </urn:Tx>
         <!--You may enter ANY elements at this point-->
      </urn:Message>
   </soapenv:Header>
   <soapenv:Body>
      <urn1:MGRequest><![CDATA[<?xml version="1.0" encoding="UTF-8"?>
<!--Sample XML file generated by XMLSpy v2017 rel. 3 sp1 (x64) (http://www.altova.com)-->
<u3:NAE_REQ xmlns:u3="urn:NAE" xmlns:xsi="http://www.w3.org/2001/XMLSchema-instance" xsi:schemaLocation="urn:NAE NAE_REQ.xsd">
	<u3:ConsentFlag></u3:ConsentFlag>
	<u3:Application>
		<u3:ProviderApplicationNo></u3:ProviderApplicationNo>
		<u3:ContractType></u3:ContractType>
		<u3:CreditCard>
			<u3:CreditLimit></u3:CreditLimit>
		</u3:CreditCard>
	</u3:Application>
	<u3:Role></u3:Role>
	<u3:Subject>
		<u3:ProviderSubjectNo></u3:ProviderSubjectNo>
		<u3:Company>
			<u3:TradeName></u3:TradeName>
			<u3:TradeLicense>
				<u3:RegistrationPlace></u3:RegistrationPlace>
				<u3:Number></u3:Number>
			</u3:TradeLicense>
			<u3:EconomicActivity></u3:EconomicActivity>
			<u3:PrimaryMobileNo></u3:PrimaryMobileNo>
		</u3:Company>
	</u3:Subject>
</u3:NAE_REQ>]]]]>><![CDATA[
      </urn1:MGRequest>
   </soapenv:Body>
</soapenv:Envelope>
]]></con:request><con:credentials><con:authType>No Authorization</con:authType></con:credentials><con:jmsConfig JMSDeliveryMode="PERSISTENT"/><con:jmsPropertyConfig/><con:wsaConfig mustUnderstand="NONE" version="200508" action="urn:crif-messagegateway:2006-08-23/ProcessMessage"/><con:wsrmConfig version="1.2"/></con:call><con:call id="367a805f-edca-4cd0-8100-765353125b35" name="NAE_REQ_Company_Installments"><con:settings><con:setting id="com.eviware.soapui.impl.wsdl.WsdlRequest@request-headers">&lt;xml-fragment/></con:setting></con:settings><con:encoding>UTF-8</con:encoding><con:endpoint>https://a2atest.aecb.gov.ae/Service.asmx</con:endpoint><con:request><![CDATA[<soapenv:Envelope xmlns:soapenv="http://schemas.xmlsoap.org/soap/envelope/" xmlns:urn="urn:crif-message:2006-08-23" xmlns:urn1="urn:crif-messagegateway:2006-08-23">
   <soapenv:Header>
      <urn:Message GId="Group Id Here" MId="Message Id Here" MTs="2017-06-05T15:36:56.7577435+04:00">
         <!--Optional:-->
         <urn:C UD="?" UId="Username Here" UPwd="Password Here">
            <!--You may enter ANY elements at this point-->
         </urn:C>
         <!--Zero or more repetitions:-->
         <urn:P SId="CB" PId="NAE" PNs="urn:uae-message:2014-06-01">
            <!--You may enter ANY elements at this point-->
         </urn:P>
         <!--Optional:-->
         <urn:Tx TxNs="urn:crif-messagegateway:2006-08-23">
            <!--You may enter ANY elements at this point-->
         </urn:Tx>
         <!--You may enter ANY elements at this point-->
      </urn:Message>
   </soapenv:Header>
   <soapenv:Body>
      <urn1:MGRequest><![CDATA[<?xml version="1.0" encoding="UTF-8"?>
<!--Sample XML file generated by XMLSpy v2017 rel. 3 sp1 (x64) (http://www.altova.com)-->
<u3:NAE_REQ xmlns:u3="urn:NAE" xmlns:xsi="http://www.w3.org/2001/XMLSchema-instance" xsi:schemaLocation="urn:NAE NAE_REQ.xsd">
	<u3:ConsentFlag></u3:ConsentFlag>
	<u3:Application>
		<u3:ProviderApplicationNo></u3:ProviderApplicationNo>
		<u3:ContractType></u3:ContractType>
		<u3:Installment>
			<u3:TotalAmount></u3:TotalAmount>
			<u3:NoOfInstallments></u3:NoOfInstallments>
		</u3:Installment>
	</u3:Application>
	<u3:Role></u3:Role>
	<u3:Subject>
		<u3:ProviderSubjectNo></u3:ProviderSubjectNo>
		<u3:Company>
			<u3:TradeName></u3:TradeName>
			<u3:TradeLicense>
				<u3:RegistrationPlace></u3:RegistrationPlace>
				<u3:Number></u3:Number>
			</u3:TradeLicense>
			<u3:EconomicActivity></u3:EconomicActivity>
			<u3:PrimaryMobileNo></u3:PrimaryMobileNo>
		</u3:Company>
	</u3:Subject>
</u3:NAE_REQ>]]]]>><![CDATA[
      </urn1:MGRequest>
   </soapenv:Body>
</soapenv:Envelope>
]]></con:request><con:credentials><con:authType>No Authorization</con:authType></con:credentials><con:jmsConfig JMSDeliveryMode="PERSISTENT"/><con:jmsPropertyConfig/><con:wsaConfig mustUnderstand="NONE" version="200508" action="urn:crif-messagegateway:2006-08-23/ProcessMessage"/><con:wsrmConfig version="1.2"/></con:call><con:call id="ead96911-34f1-4e0c-9344-fe1cdf9c9198" name="NAE_REQ_Company_Not Instalments"><con:settings><con:setting id="com.eviware.soapui.impl.wsdl.WsdlRequest@request-headers">&lt;xml-fragment/></con:setting></con:settings><con:encoding>UTF-8</con:encoding><con:endpoint>https://a2atest.aecb.gov.ae/Service.asmx</con:endpoint><con:request><![CDATA[<soapenv:Envelope xmlns:soapenv="http://schemas.xmlsoap.org/soap/envelope/" xmlns:urn="urn:crif-message:2006-08-23" xmlns:urn1="urn:crif-messagegateway:2006-08-23">
   <soapenv:Header>
      <urn:Message GId="Group Id Here" MId="Message Id Here" MTs="2017-06-05T15:36:56.7577435+04:00">
         <!--Optional:-->
         <urn:C UD="?" UId="Username Here" UPwd="Password Here">
            <!--You may enter ANY elements at this point-->
         </urn:C>
         <!--Zero or more repetitions:-->
         <urn:P SId="CB" PId="NAE" PNs="urn:uae-message:2014-06-01">
            <!--You may enter ANY elements at this point-->
         </urn:P>
         <!--Optional:-->
         <urn:Tx TxNs="urn:crif-messagegateway:2006-08-23">
            <!--You may enter ANY elements at this point-->
         </urn:Tx>
         <!--You may enter ANY elements at this point-->
      </urn:Message>
   </soapenv:Header>
   <soapenv:Body>
      <urn1:MGRequest><![CDATA[<?xml version="1.0" encoding="UTF-8"?>
<!--Sample XML file generated by XMLSpy v2017 rel. 3 sp1 (x64) (http://www.altova.com)-->
<u3:NAE_REQ xmlns:u3="urn:NAE" xmlns:xsi="http://www.w3.org/2001/XMLSchema-instance" xsi:schemaLocation="urn:NAE NAE_REQ.xsd">
	<u3:ConsentFlag></u3:ConsentFlag>
	<u3:Application>
		<u3:ProviderApplicationNo></u3:ProviderApplicationNo>
		<u3:ContractType></u3:ContractType>
		<u3:NotInstallment>
			<u3:CreditLimit></u3:CreditLimit>
		</u3:NotInstallment>
	</u3:Application>
	<u3:Role></u3:Role>
	<u3:Subject>
		<u3:ProviderSubjectNo></u3:ProviderSubjectNo>
		<u3:Company>
			<u3:TradeName></u3:TradeName>
			<u3:TradeLicense>
				<u3:RegistrationPlace></u3:RegistrationPlace>
				<u3:Number></u3:Number>
			</u3:TradeLicense>
			<u3:EconomicActivity></u3:EconomicActivity>
			<u3:PrimaryMobileNo></u3:PrimaryMobileNo>
		</u3:Company>
	</u3:Subject>
</u3:NAE_REQ>]]]]>><![CDATA[
      </urn1:MGRequest>
   </soapenv:Body>
</soapenv:Envelope>
]]></con:request><con:credentials><con:authType>No Authorization</con:authType></con:credentials><con:jmsConfig JMSDeliveryMode="PERSISTENT"/><con:jmsPropertyConfig/><con:wsaConfig mustUnderstand="NONE" version="200508" action="urn:crif-messagegateway:2006-08-23/ProcessMessage"/><con:wsrmConfig version="1.2"/></con:call><con:call id="a639e07b-5eda-47c1-89a5-924bc753b9f0" name="NAE_REQ_Company_Services"><con:settings><con:setting id="com.eviware.soapui.impl.wsdl.WsdlRequest@request-headers">&lt;xml-fragment/></con:setting></con:settings><con:encoding>UTF-8</con:encoding><con:endpoint>https://a2atest.aecb.gov.ae/Service.asmx</con:endpoint><con:request><![CDATA[<soapenv:Envelope xmlns:soapenv="http://schemas.xmlsoap.org/soap/envelope/" xmlns:urn="urn:crif-message:2006-08-23" xmlns:urn1="urn:crif-messagegateway:2006-08-23">
   <soapenv:Header>
      <urn:Message GId="Group Id Here" MId="Message Id Here" MTs="2017-06-05T15:36:56.7577435+04:00">
         <!--Optional:-->
         <urn:C UD="?" UId="Username Here" UPwd="Password Here">
            <!--You may enter ANY elements at this point-->
         </urn:C>
         <!--Zero or more repetitions:-->
         <urn:P SId="CB" PId="NAE" PNs="urn:uae-message:2014-06-01">
            <!--You may enter ANY elements at this point-->
         </urn:P>
         <!--Optional:-->
         <urn:Tx TxNs="urn:crif-messagegateway:2006-08-23">
            <!--You may enter ANY elements at this point-->
         </urn:Tx>
         <!--You may enter ANY elements at this point-->
      </urn:Message>
   </soapenv:Header>
   <soapenv:Body>
      <urn1:MGRequest><![CDATA[<?xml version="1.0" encoding="UTF-8"?>
<!--Sample XML file generated by XMLSpy v2017 rel. 3 sp1 (x64) (http://www.altova.com)-->
<u3:NAE_REQ xmlns:u3="urn:NAE" xmlns:xsi="http://www.w3.org/2001/XMLSchema-instance" xsi:schemaLocation="urn:NAE NAE_REQ.xsd">
	<u3:ConsentFlag></u3:ConsentFlag>
	<u3:Application>
		<u3:ProviderApplicationNo></u3:ProviderApplicationNo>
		<u3:ContractType></u3:ContractType>
	</u3:Application>
	<u3:Role></u3:Role>
	<u3:Subject>
		<u3:ProviderSubjectNo></u3:ProviderSubjectNo>
		<u3:Company>
			<u3:TradeName></u3:TradeName>
			<u3:TradeLicense>
				<u3:RegistrationPlace></u3:RegistrationPlace>
				<u3:Number></u3:Number>
			</u3:TradeLicense>
			<u3:EconomicActivity></u3:EconomicActivity>
			<u3:PrimaryMobileNo></u3:PrimaryMobileNo>
		</u3:Company>
	</u3:Subject>
</u3:NAE_REQ>]]]]>><![CDATA[
      </urn1:MGRequest>
   </soapenv:Body>
</soapenv:Envelope>
]]></con:request><con:credentials><con:authType>No Authorization</con:authType></con:credentials><con:jmsConfig JMSDeliveryMode="PERSISTENT"/><con:jmsPropertyConfig/><con:wsaConfig mustUnderstand="NONE" version="200508" action="urn:crif-messagegateway:2006-08-23/ProcessMessage"/><con:wsrmConfig version="1.2"/></con:call><con:call id="7ab0f7d2-022b-4ecd-8584-35ae8dccdfc6" name="NAE_REQ_Individual_Credit Cards"><con:settings><con:setting id="com.eviware.soapui.impl.wsdl.WsdlRequest@request-headers">&lt;xml-fragment/></con:setting></con:settings><con:encoding>UTF-8</con:encoding><con:endpoint>https://a2atest.aecb.gov.ae/Service.asmx</con:endpoint><con:request><![CDATA[<soapenv:Envelope xmlns:soapenv="http://schemas.xmlsoap.org/soap/envelope/" xmlns:urn="urn:crif-message:2006-08-23" xmlns:urn1="urn:crif-messagegateway:2006-08-23">
   <soapenv:Header>
      <urn:Message GId="Group Id Here" MId="Message Id Here" MTs="2017-06-05T15:36:56.7577435+04:00">
         <!--Optional:-->
         <urn:C UD="?" UId="Username Here" UPwd="Password Here">
            <!--You may enter ANY elements at this point-->
         </urn:C>
         <!--Zero or more repetitions:-->
         <urn:P SId="CB" PId="NAE" PNs="urn:uae-message:2014-06-01">
            <!--You may enter ANY elements at this point-->
         </urn:P>
         <!--Optional:-->
         <urn:Tx TxNs="urn:crif-messagegateway:2006-08-23">
            <!--You may enter ANY elements at this point-->
         </urn:Tx>
         <!--You may enter ANY elements at this point-->
      </urn:Message>
   </soapenv:Header>
   <soapenv:Body>
      <urn1:MGRequest><![CDATA[<?xml version="1.0" encoding="UTF-8"?>
<!--Sample XML file generated by XMLSpy v2017 rel. 3 sp1 (x64) (http://www.altova.com)-->
<u3:NAE_REQ xmlns:u3="urn:NAE" xmlns:xsi="http://www.w3.org/2001/XMLSchema-instance" xsi:schemaLocation="urn:NAE NAE_REQ.xsd">
	<u3:ConsentFlag></u3:ConsentFlag>
	<u3:Application>
		<u3:ProviderApplicationNo></u3:ProviderApplicationNo>
		<u3:ContractType></u3:ContractType>
		<u3:CreditCard>
			<u3:CreditLimit></u3:CreditLimit>
		</u3:CreditCard>
	</u3:Application>
	<u3:Role></u3:Role>
	<u3:Subject>
		<u3:ProviderSubjectNo></u3:ProviderSubjectNo>
		<u3:Individual>
			<u3:FullNameEN></u3:FullNameEN>
			<u3:Gender></u3:Gender>
			<u3:DOB></u3:DOB>
			<u3:Nationality></u3:Nationality>
			<u3:EmiratesId></u3:EmiratesId>
			<u3:PassportNo></u3:PassportNo>
			<u3:PassportExpiryDate></u3:PassportExpiryDate>
			<u3:PreviousPassportNo></u3:PreviousPassportNo>
			<u3:DrivingLicenseNo></u3:DrivingLicenseNo>
			<u3:PrimaryMobileNo></u3:PrimaryMobileNo>
		</u3:Individual>
	</u3:Subject>
</u3:NAE_REQ>]]]]>><![CDATA[
      </urn1:MGRequest>
   </soapenv:Body>
</soapenv:Envelope>
]]></con:request><con:credentials><con:authType>No Authorization</con:authType></con:credentials><con:jmsConfig JMSDeliveryMode="PERSISTENT"/><con:jmsPropertyConfig/><con:wsaConfig mustUnderstand="NONE" version="200508" action="urn:crif-messagegateway:2006-08-23/ProcessMessage"/><con:wsrmConfig version="1.2"/></con:call><con:call id="0716305b-bc03-4b3c-86af-37d47572fed8" name="NAE_REQ_Individual_Installments"><con:settings><con:setting id="com.eviware.soapui.impl.wsdl.WsdlRequest@request-headers">&lt;xml-fragment/></con:setting></con:settings><con:encoding>UTF-8</con:encoding><con:endpoint>https://a2atest.aecb.gov.ae/Service.asmx</con:endpoint><con:request><![CDATA[<soapenv:Envelope xmlns:soapenv="http://schemas.xmlsoap.org/soap/envelope/" xmlns:urn="urn:crif-message:2006-08-23" xmlns:urn1="urn:crif-messagegateway:2006-08-23">
   <soapenv:Header>
      <urn:Message GId="Group Id Here" MId="Message Id Here" MTs="2017-06-05T15:36:56.7577435+04:00">
         <!--Optional:-->
         <urn:C UD="?" UId="Username Here" UPwd="Password Here">
            <!--You may enter ANY elements at this point-->
         </urn:C>
         <!--Zero or more repetitions:-->
         <urn:P SId="CB" PId="NAE" PNs="urn:uae-message:2014-06-01">
            <!--You may enter ANY elements at this point-->
         </urn:P>
         <!--Optional:-->
         <urn:Tx TxNs="urn:crif-messagegateway:2006-08-23">
            <!--You may enter ANY elements at this point-->
         </urn:Tx>
         <!--You may enter ANY elements at this point-->
      </urn:Message>
   </soapenv:Header>
   <soapenv:Body>
      <urn1:MGRequest><![CDATA[<?xml version="1.0" encoding="UTF-8"?>
<!--Sample XML file generated by XMLSpy v2017 rel. 3 sp1 (x64) (http://www.altova.com)-->
<u3:NAE_REQ xmlns:u3="urn:NAE" xmlns:xsi="http://www.w3.org/2001/XMLSchema-instance" xsi:schemaLocation="urn:NAE NAE_REQ.xsd">
	<u3:ConsentFlag/>
	<u3:Application>
		<u3:ProviderApplicationNo/>
		<u3:ContractType/>
		<u3:Installment>
			<u3:TotalAmount/>
			<u3:NoOfInstallments/>
		</u3:Installment>
	</u3:Application>
	<u3:Role/>
	<u3:Subject>
		<u3:ProviderSubjectNo/>
		<u3:Individual>
			<u3:FullNameEN/>
			<u3:Gender/>
			<u3:DOB/>
			<u3:Nationality/>
			<u3:EmiratesId/>
			<u3:PassportNo/>
			<u3:PassportExpiryDate/>
			<u3:PreviousPassportNo/>
			<u3:DrivingLicenseNo/>
			<u3:PrimaryMobileNo/>
		</u3:Individual>
	</u3:Subject>
</u3:NAE_REQ>]]]]>><![CDATA[
      </urn1:MGRequest>
   </soapenv:Body>
</soapenv:Envelope>
]]></con:request><con:credentials><con:authType>No Authorization</con:authType></con:credentials><con:jmsConfig JMSDeliveryMode="PERSISTENT"/><con:jmsPropertyConfig/><con:wsaConfig mustUnderstand="NONE" version="200508" action="urn:crif-messagegateway:2006-08-23/ProcessMessage"/><con:wsrmConfig version="1.2"/></con:call><con:call id="96d21ee8-6664-4d1e-8306-1d75403912a5" name="NAE_REQ_Individual_Not Instalments"><con:settings><con:setting id="com.eviware.soapui.impl.wsdl.WsdlRequest@request-headers">&lt;xml-fragment/></con:setting></con:settings><con:encoding>UTF-8</con:encoding><con:endpoint>https://a2atest.aecb.gov.ae/Service.asmx</con:endpoint><con:request><![CDATA[<soapenv:Envelope xmlns:soapenv="http://schemas.xmlsoap.org/soap/envelope/" xmlns:urn="urn:crif-message:2006-08-23" xmlns:urn1="urn:crif-messagegateway:2006-08-23">
   <soapenv:Header>
      <urn:Message GId="Group Id Here" MId="Message Id Here" MTs="2017-06-05T15:36:56.7577435+04:00">
         <!--Optional:-->
         <urn:C UD="?" UId="Username Here" UPwd="Password Here">
            <!--You may enter ANY elements at this point-->
         </urn:C>
         <!--Zero or more repetitions:-->
         <urn:P SId="CB" PId="NAE" PNs="urn:uae-message:2014-06-01">
            <!--You may enter ANY elements at this point-->
         </urn:P>
         <!--Optional:-->
         <urn:Tx TxNs="urn:crif-messagegateway:2006-08-23">
            <!--You may enter ANY elements at this point-->
         </urn:Tx>
         <!--You may enter ANY elements at this point-->
      </urn:Message>
   </soapenv:Header>
   <soapenv:Body>
      <urn1:MGRequest><![CDATA[<?xml version="1.0" encoding="UTF-8"?>
<!--Sample XML file generated by XMLSpy v2017 rel. 3 sp1 (x64) (http://www.altova.com)-->
<u3:NAE_REQ xmlns:u3="urn:NAE" xmlns:xsi="http://www.w3.org/2001/XMLSchema-instance" xsi:schemaLocation="urn:NAE NAE_REQ.xsd">
	<u3:ConsentFlag></u3:ConsentFlag>
	<u3:Application>
		<u3:ProviderApplicationNo></u3:ProviderApplicationNo>
		<u3:ContractType></u3:ContractType>
		<u3:NotInstallment>
			<u3:CreditLimit></u3:CreditLimit>
		</u3:NotInstallment>
	</u3:Application>
	<u3:Role></u3:Role>
	<u3:Subject>
		<u3:ProviderSubjectNo></u3:ProviderSubjectNo>
		<u3:Individual>
			<u3:FullNameEN></u3:FullNameEN>
			<u3:Gender></u3:Gender>
			<u3:DOB></u3:DOB>
			<u3:Nationality></u3:Nationality>
			<u3:EmiratesId></u3:EmiratesId>
			<u3:PassportNo></u3:PassportNo>
			<u3:PassportExpiryDate></u3:PassportExpiryDate>
			<u3:PreviousPassportNo></u3:PreviousPassportNo>
			<u3:DrivingLicenseNo></u3:DrivingLicenseNo>
			<u3:PrimaryMobileNo></u3:PrimaryMobileNo>
		</u3:Individual>
	</u3:Subject>
</u3:NAE_REQ>]]]]>><![CDATA[
      </urn1:MGRequest>
   </soapenv:Body>
</soapenv:Envelope>
]]></con:request><con:credentials><con:authType>No Authorization</con:authType></con:credentials><con:jmsConfig JMSDeliveryMode="PERSISTENT"/><con:jmsPropertyConfig/><con:wsaConfig mustUnderstand="NONE" version="200508" action="urn:crif-messagegateway:2006-08-23/ProcessMessage"/><con:wsrmConfig version="1.2"/></con:call><con:call id="f1f9a26d-2c69-46f2-b11d-8cc8230dceec" name="NAE_REQ_Individual_Services"><con:settings><con:setting id="com.eviware.soapui.impl.wsdl.WsdlRequest@request-headers">&lt;xml-fragment/></con:setting></con:settings><con:encoding>UTF-8</con:encoding><con:endpoint>https://a2atest.aecb.gov.ae/Service.asmx</con:endpoint><con:request><![CDATA[<soapenv:Envelope xmlns:soapenv="http://schemas.xmlsoap.org/soap/envelope/" xmlns:urn="urn:crif-message:2006-08-23" xmlns:urn1="urn:crif-messagegateway:2006-08-23">
   <soapenv:Header>
      <urn:Message GId="Group Id Here" MId="Message Id Here" MTs="2017-06-05T15:36:56.7577435+04:00">
         <!--Optional:-->
         <urn:C UD="?" UId="Username Here" UPwd="Password Here">
            <!--You may enter ANY elements at this point-->
         </urn:C>
         <!--Zero or more repetitions:-->
         <urn:P SId="CB" PId="NAE" PNs="urn:uae-message:2014-06-01">
            <!--You may enter ANY elements at this point-->
         </urn:P>
         <!--Optional:-->
         <urn:Tx TxNs="urn:crif-messagegateway:2006-08-23">
            <!--You may enter ANY elements at this point-->
         </urn:Tx>
         <!--You may enter ANY elements at this point-->
      </urn:Message>
   </soapenv:Header>
   <soapenv:Body>
      <urn1:MGRequest><![CDATA[<?xml version="1.0" encoding="UTF-8"?>
<!--Sample XML file generated by XMLSpy v2017 rel. 3 sp1 (x64) (http://www.altova.com)-->
<u3:NAE_REQ xmlns:u3="urn:NAE" xmlns:xsi="http://www.w3.org/2001/XMLSchema-instance" xsi:schemaLocation="urn:NAE NAE_REQ.xsd">
	<u3:ConsentFlag></u3:ConsentFlag>
	<u3:Application>
		<u3:ProviderApplicationNo></u3:ProviderApplicationNo>
		<u3:ContractType></u3:ContractType>
	</u3:Application>
	<u3:Role></u3:Role>
	<u3:Subject>
		<u3:ProviderSubjectNo></u3:ProviderSubjectNo>
		<u3:Individual>
			<u3:FullNameEN></u3:FullNameEN>
			<u3:Gender></u3:Gender>
			<u3:DOB></u3:DOB>
			<u3:Nationality></u3:Nationality>
			<u3:EmiratesId></u3:EmiratesId>
			<u3:PassportNo></u3:PassportNo>
			<u3:PassportExpiryDate></u3:PassportExpiryDate>
			<u3:PreviousPassportNo></u3:PreviousPassportNo>
			<u3:DrivingLicenseNo></u3:DrivingLicenseNo>
			<u3:PrimaryMobileNo></u3:PrimaryMobileNo>
		</u3:Individual>
	</u3:Subject>
</u3:NAE_REQ>]]]]>><![CDATA[
      </urn1:MGRequest>
   </soapenv:Body>
</soapenv:Envelope>
]]></con:request><con:credentials><con:authType>No Authorization</con:authType></con:credentials><con:jmsConfig JMSDeliveryMode="PERSISTENT"/><con:jmsPropertyConfig/><con:wsaConfig mustUnderstand="NONE" version="200508" action="urn:crif-messagegateway:2006-08-23/ProcessMessage"/><con:wsrmConfig version="1.2"/></con:call></con:operation></con:interface><con:properties/><con:wssContainer/><con:oAuth2ProfileContainer/><con:oAuth1ProfileContainer/><con:sensitiveInformation/></con:soapui-project>