<?xml version="1.0" encoding="UTF-8"?>
<!--Sample XML file generated by XMLSpy v2017 rel. 3 sp1 (x64) (http://www.altova.com)-->
<u1:ME_RES xmlns:u1="urn:ME" xmlns:xsi="http://www.w3.org/2001/XMLSchema-instance" xsi:schemaLocation="urn:ME ME_RES.xsd">
	<u1:ResponseId></u1:ResponseId>
	<u1:Response>
		<u1:MatchedSubject>
			<u1:CBSubjectId></u1:CBSubjectId>
			<u1:ProviderSubjectNo></u1:ProviderSubjectNo>
			<u1:Company>
				<u1:TradeName></u1:TradeName>
				<u1:TradeNameHistory>
					<u1:UpdateInfo>
						<u1:ProviderNo></u1:ProviderNo>
						<u1:DateOfUpdate></u1:DateOfUpdate>
					</u1:UpdateInfo>
					<u1:TradeNameData>
						<u1:TradeName></u1:TradeName>
						<u1:ActualFlag></u1:ActualFlag>
					</u1:TradeNameData>
				</u1:TradeNameHistory>
				<u1:TradeNameAR></u1:TradeNameAR>
				<u1:TradeNameARHistory>
					<u1:UpdateInfo>
						<u1:ProviderNo></u1:ProviderNo>
						<u1:DateOfUpdate></u1:DateOfUpdate>
					</u1:UpdateInfo>
					<u1:TradeNameARData>
						<u1:TradeNameAR></u1:TradeNameAR>
						<u1:ActualFlag></u1:ActualFlag>
					</u1:TradeNameARData>
				</u1:TradeNameARHistory>
				<u1:DateOfEstablishment></u1:DateOfEstablishment>
				<u1:DateOfEstablishmentHistory>
					<u1:UpdateInfo>
						<u1:ProviderNo></u1:ProviderNo>
						<u1:DateOfUpdate></u1:DateOfUpdate>
					</u1:UpdateInfo>
					<u1:DateOfEstablishmentData>
						<u1:DateOfEstablishment></u1:DateOfEstablishment>
						<u1:ActualFlag></u1:ActualFlag>
					</u1:DateOfEstablishmentData>
				</u1:DateOfEstablishmentHistory>
				<u1:TradeLicenseHistory>
					<u1:UpdateInfo>
						<u1:ProviderNo></u1:ProviderNo>
						<u1:DateOfUpdate></u1:DateOfUpdate>
					</u1:UpdateInfo>
					<u1:TradeLicense>
						<u1:RegistrationPlace></u1:RegistrationPlace>
						<u1:Number></u1:Number>
						<u1:ActualFlag></u1:ActualFlag>
					</u1:TradeLicense>
				</u1:TradeLicenseHistory>
				<u1:AddressHistory>
					<u1:UpdateInfo>
						<u1:ProviderNo></u1:ProviderNo>
						<u1:DateOfUpdate></u1:DateOfUpdate>
					</u1:UpdateInfo>
					<u1:AddressData>
						<u1:Emirate></u1:Emirate>
						<u1:Address></u1:Address>
						<u1:AddressAR></u1:AddressAR>
						<u1:PlotNo></u1:PlotNo>
						<u1:POBox></u1:POBox>
						<u1:ActualFlag></u1:ActualFlag>
					</u1:AddressData>
					<u1:FlagOpenDispute></u1:FlagOpenDispute>
				</u1:AddressHistory>
				<u1:EconomicActivity></u1:EconomicActivity>
				<u1:EconomicActivityHistory>
					<u1:UpdateInfo>
						<u1:ProviderNo></u1:ProviderNo>
						<u1:DateOfUpdate></u1:DateOfUpdate>
					</u1:UpdateInfo>
					<u1:EconomicActivityData>
						<u1:EconomicActivity></u1:EconomicActivity>
						<u1:ActualFlag></u1:ActualFlag>
					</u1:EconomicActivityData>
				</u1:EconomicActivityHistory>
				<u1:ContactHistory>
					<u1:UpdateInfo>
						<u1:ProviderNo></u1:ProviderNo>
						<u1:DateOfUpdate></u1:DateOfUpdate>
					</u1:UpdateInfo>
					<u1:ContactData>
						<u1:ContactType></u1:ContactType>
						<u1:Contact></u1:Contact>
						<u1:ActualFlag></u1:ActualFlag>
					</u1:ContactData>
					<u1:FlagOpenDispute></u1:FlagOpenDispute>
				</u1:ContactHistory>
				<u1:DisputeCategory></u1:DisputeCategory>
			</u1:Company>
		</u1:MatchedSubject>
		<u1:SubjectLink>
			<u1:ProviderNo></u1:ProviderNo>
			<u1:LinkSubjectData>
				<u1:CBSubjectId></u1:CBSubjectId>
				<u1:Name></u1:Name>
				<u1:Role></u1:Role>
				<u1:SubjectType></u1:SubjectType>
				<u1:ShareholderPercentage></u1:ShareholderPercentage>
			</u1:LinkSubjectData>
			<u1:FlagOpenDispute></u1:FlagOpenDispute>
		</u1:SubjectLink>
		<u1:ContractData>
			<u1:TotalSummaries>
				<u1:NumbersSummary>
					<u1:TotalNo></u1:TotalNo>
					<u1:DataProvidersNo></u1:DataProvidersNo>
					<u1:RequestNo></u1:RequestNo>
					<u1:DeclinedNo></u1:DeclinedNo>
					<u1:RejectedNo></u1:RejectedNo>
					<u1:NotTakenUpNo></u1:NotTakenUpNo>
					<u1:ActiveNo></u1:ActiveNo>
					<u1:ClosedNo></u1:ClosedNo>
				</u1:NumbersSummary>
				<u1:KeyValuesSummary>
					<u1:TotalBalance></u1:TotalBalance>
					<u1:TotalOverdue></u1:TotalOverdue>
					<u1:DefaultAccountsNumber></u1:DefaultAccountsNumber>
				</u1:KeyValuesSummary>
				<u1:ContractsSummary>
					<u1:TotalExposure></u1:TotalExposure>
					<u1:TotalExposureNonFunded></u1:TotalExposureNonFunded>
					<u1:CreditUtilizationRate></u1:CreditUtilizationRate>
					<u1:MaxCurrentPaymentDelay></u1:MaxCurrentPaymentDelay>
					<u1:MaxCurrentPaymentDelayContractType></u1:MaxCurrentPaymentDelayContractType>
					<u1:MaxPaymentDelay24M></u1:MaxPaymentDelay24M>
					<u1:MaxPaymentDelay24MContractType></u1:MaxPaymentDelay24MContractType>
					<u1:WorstStatus24M></u1:WorstStatus24M>
					<u1:OldestContractOpenDate></u1:OldestContractOpenDate>
					<u1:NewestContractOpenDate></u1:NewestContractOpenDate>
					<u1:Applications90D></u1:Applications90D>
					<u1:TotalBalanceGuaranteed></u1:TotalBalanceGuaranteed>
					<u1:TotalOverdueGuaranteed></u1:TotalOverdueGuaranteed>
				</u1:ContractsSummary>
			</u1:TotalSummaries>
			<u1:Installments>
				<u1:Summary>
					<u1:Holder>
						<u1:TotalNo></u1:TotalNo>
						<u1:DataProvidersNo></u1:DataProvidersNo>
						<u1:RequestNo></u1:RequestNo>
						<u1:DeclinedNo></u1:DeclinedNo>
						<u1:RejectedNo></u1:RejectedNo>
						<u1:NotTakenUpNo></u1:NotTakenUpNo>
						<u1:ActiveNo></u1:ActiveNo>
						<u1:ClosedNo></u1:ClosedNo>
					</u1:Holder>
					<u1:Guarantor>
						<u1:TotalNo></u1:TotalNo>
						<u1:DataProvidersNo></u1:DataProvidersNo>
						<u1:RequestNo></u1:RequestNo>
						<u1:DeclinedNo></u1:DeclinedNo>
						<u1:RejectedNo></u1:RejectedNo>
						<u1:NotTakenUpNo></u1:NotTakenUpNo>
						<u1:ActiveNo></u1:ActiveNo>
						<u1:ClosedNo></u1:ClosedNo>
					</u1:Guarantor>
				</u1:Summary>
				<u1:FinancialSummary>
					<u1:Holder>
						<u1:PaymentAmount></u1:PaymentAmount>
						<u1:Balance></u1:Balance>
						<u1:OverdueAmount></u1:OverdueAmount>
					</u1:Holder>
					<u1:Guarantor>
						<u1:PaymentAmount></u1:PaymentAmount>
						<u1:Balance></u1:Balance>
						<u1:OverdueAmount></u1:OverdueAmount>
					</u1:Guarantor>
				</u1:FinancialSummary>
				<u1:Contract>
					<u1:CommonData>
						<u1:CBContractId></u1:CBContractId>
						<u1:ProviderNo></u1:ProviderNo>
						<u1:ProviderContractNo></u1:ProviderContractNo>
						<u1:OriginalCurrency></u1:OriginalCurrency>
						<u1:ReferenceDate></u1:ReferenceDate>
						<u1:ContractType></u1:ContractType>
						<u1:ActiveFlag></u1:ActiveFlag>
						<u1:Role></u1:Role>
						<u1:OpenDate></u1:OpenDate>
						<u1:ClosedDate></u1:ClosedDate>
						<u1:WorstStatus></u1:WorstStatus>
						<u1:WorstStatusDate></u1:WorstStatusDate>
						<u1:MaxOverdueAmount></u1:MaxOverdueAmount>
						<u1:MaxOverdueAmountDate></u1:MaxOverdueAmountDate>
						<u1:FlagOpenDispute></u1:FlagOpenDispute>
					</u1:CommonData>
					<u1:TotalAmount></u1:TotalAmount>
					<u1:NoOfInstallments></u1:NoOfInstallments>
					<u1:NoOfRemainingInstallments></u1:NoOfRemainingInstallments>
					<u1:PaymentAmount></u1:PaymentAmount>
					<u1:PaymentFrequency></u1:PaymentFrequency>
					<u1:MethodOfPayment></u1:MethodOfPayment>
					<u1:IslamicContractFlag></u1:IslamicContractFlag>
					<u1:SecuredContractFlag></u1:SecuredContractFlag>
					<u1:SecurityType></u1:SecurityType>
					<u1:FraudFlag></u1:FraudFlag>
					<u1:FraudFlagDate></u1:FraudFlagDate>
					<u1:MaxDaysPaymentDelay></u1:MaxDaysPaymentDelay>
					<u1:MaxDaysPaymentDelayDate></u1:MaxDaysPaymentDelayDate>
					<u1:History>
						<u1:ReferenceDate></u1:ReferenceDate>
						<u1:Balance></u1:Balance>
						<u1:OverdueAmount></u1:OverdueAmount>
						<u1:DaysPaymentDelay></u1:DaysPaymentDelay>
						<u1:ContractStatus></u1:ContractStatus>
					</u1:History>
					<u1:Link>
						<u1:CBSubjectId></u1:CBSubjectId>
						<u1:Name></u1:Name>
						<u1:Role></u1:Role>
						<u1:SubjectType></u1:SubjectType>
					</u1:Link>
				</u1:Contract>
			</u1:Installments>
			<u1:NotInstallments>
				<u1:Summary>
					<u1:Holder>
						<u1:TotalNo></u1:TotalNo>
						<u1:DataProvidersNo></u1:DataProvidersNo>
						<u1:RequestNo></u1:RequestNo>
						<u1:DeclinedNo></u1:DeclinedNo>
						<u1:RejectedNo></u1:RejectedNo>
						<u1:NotTakenUpNo></u1:NotTakenUpNo>
						<u1:ActiveNo></u1:ActiveNo>
						<u1:ClosedNo></u1:ClosedNo>
					</u1:Holder>
					<u1:Guarantor>
						<u1:TotalNo></u1:TotalNo>
						<u1:DataProvidersNo></u1:DataProvidersNo>
						<u1:RequestNo></u1:RequestNo>
						<u1:DeclinedNo></u1:DeclinedNo>
						<u1:RejectedNo></u1:RejectedNo>
						<u1:NotTakenUpNo></u1:NotTakenUpNo>
						<u1:ActiveNo></u1:ActiveNo>
						<u1:ClosedNo></u1:ClosedNo>
					</u1:Guarantor>
				</u1:Summary>
				<u1:FinancialSummary>
					<u1:Holder>
						<u1:CreditLimit></u1:CreditLimit>
						<u1:Balance></u1:Balance>
						<u1:OverdueAmount></u1:OverdueAmount>
					</u1:Holder>
					<u1:Guarantor>
						<u1:CreditLimit></u1:CreditLimit>
						<u1:Balance></u1:Balance>
						<u1:OverdueAmount></u1:OverdueAmount>
					</u1:Guarantor>
				</u1:FinancialSummary>
				<u1:Contract>
					<u1:CommonData>
						<u1:CBContractId></u1:CBContractId>
						<u1:ProviderNo></u1:ProviderNo>
						<u1:ProviderContractNo></u1:ProviderContractNo>
						<u1:OriginalCurrency></u1:OriginalCurrency>
						<u1:ReferenceDate></u1:ReferenceDate>
						<u1:ContractType></u1:ContractType>
						<u1:ActiveFlag></u1:ActiveFlag>
						<u1:Role></u1:Role>
						<u1:OpenDate></u1:OpenDate>
						<u1:ClosedDate></u1:ClosedDate>
						<u1:WorstStatus></u1:WorstStatus>
						<u1:WorstStatusDate></u1:WorstStatusDate>
						<u1:MaxOverdueAmount></u1:MaxOverdueAmount>
						<u1:MaxOverdueAmountDate></u1:MaxOverdueAmountDate>
						<u1:FlagOpenDispute></u1:FlagOpenDispute>
					</u1:CommonData>
					<u1:IslamicContractFlag></u1:IslamicContractFlag>
					<u1:SecuredContractFlag></u1:SecuredContractFlag>
					<u1:SecurityType></u1:SecurityType>
					<u1:FraudFlag></u1:FraudFlag>
					<u1:FraudFlagDate></u1:FraudFlagDate>
					<u1:MaxDaysPaymentDelay></u1:MaxDaysPaymentDelay>
					<u1:MaxDaysPaymentDelayDate></u1:MaxDaysPaymentDelayDate>
					<u1:History>
						<u1:ReferenceDate></u1:ReferenceDate>
						<u1:CreditLimit></u1:CreditLimit>
						<u1:Balance></u1:Balance>
						<u1:UtilizationRate></u1:UtilizationRate>
						<u1:OverdueAmount></u1:OverdueAmount>
						<u1:DaysPaymentDelay></u1:DaysPaymentDelay>
						<u1:ContractStatus></u1:ContractStatus>
					</u1:History>
					<u1:Link>
						<u1:CBSubjectId></u1:CBSubjectId>
						<u1:Name></u1:Name>
						<u1:Role></u1:Role>
						<u1:SubjectType></u1:SubjectType>
					</u1:Link>
				</u1:Contract>
			</u1:NotInstallments>
			<u1:CreditCards>
				<u1:Summary>
					<u1:Holder>
						<u1:TotalNo></u1:TotalNo>
						<u1:DataProvidersNo></u1:DataProvidersNo>
						<u1:RequestNo></u1:RequestNo>
						<u1:DeclinedNo></u1:DeclinedNo>
						<u1:RejectedNo></u1:RejectedNo>
						<u1:NotTakenUpNo></u1:NotTakenUpNo>
						<u1:ActiveNo></u1:ActiveNo>
						<u1:ClosedNo></u1:ClosedNo>
					</u1:Holder>
					<u1:Guarantor>
						<u1:TotalNo></u1:TotalNo>
						<u1:DataProvidersNo></u1:DataProvidersNo>
						<u1:RequestNo></u1:RequestNo>
						<u1:DeclinedNo></u1:DeclinedNo>
						<u1:RejectedNo></u1:RejectedNo>
						<u1:NotTakenUpNo></u1:NotTakenUpNo>
						<u1:ActiveNo></u1:ActiveNo>
						<u1:ClosedNo></u1:ClosedNo>
					</u1:Guarantor>
				</u1:Summary>
				<u1:FinancialSummary>
					<u1:Holder>
						<u1:CreditLimit></u1:CreditLimit>
						<u1:Balance></u1:Balance>
						<u1:OverdueAmount></u1:OverdueAmount>
					</u1:Holder>
					<u1:Guarantor>
						<u1:CreditLimit></u1:CreditLimit>
						<u1:Balance></u1:Balance>
						<u1:OverdueAmount></u1:OverdueAmount>
					</u1:Guarantor>
				</u1:FinancialSummary>
				<u1:Contract>
					<u1:CommonData>
						<u1:CBContractId></u1:CBContractId>
						<u1:ProviderNo></u1:ProviderNo>
						<u1:ProviderContractNo></u1:ProviderContractNo>
						<u1:OriginalCurrency></u1:OriginalCurrency>
						<u1:ReferenceDate></u1:ReferenceDate>
						<u1:ContractType></u1:ContractType>
						<u1:ActiveFlag></u1:ActiveFlag>
						<u1:Role></u1:Role>
						<u1:OpenDate></u1:OpenDate>
						<u1:ClosedDate></u1:ClosedDate>
						<u1:WorstStatus></u1:WorstStatus>
						<u1:WorstStatusDate></u1:WorstStatusDate>
						<u1:MaxOverdueAmount></u1:MaxOverdueAmount>
						<u1:MaxOverdueAmountDate></u1:MaxOverdueAmountDate>
						<u1:FlagOpenDispute></u1:FlagOpenDispute>
					</u1:CommonData>
					<u1:IslamicContractFlag></u1:IslamicContractFlag>
					<u1:SecuredContractFlag></u1:SecuredContractFlag>
					<u1:SecurityType></u1:SecurityType>
					<u1:FraudFlag></u1:FraudFlag>
					<u1:FraudFlagDate></u1:FraudFlagDate>
					<u1:MaxDaysPaymentDelay></u1:MaxDaysPaymentDelay>
					<u1:MaxDaysPaymentDelayDate></u1:MaxDaysPaymentDelayDate>
					<u1:MinimumPaymentPercentage></u1:MinimumPaymentPercentage>
					<u1:History>
						<u1:ReferenceDate></u1:ReferenceDate>
						<u1:CreditLimit></u1:CreditLimit>
						<u1:Balance></u1:Balance>
						<u1:OverdueAmount></u1:OverdueAmount>
						<u1:UtilizationRate></u1:UtilizationRate>
						<u1:PaymentBehaviour></u1:PaymentBehaviour>
						<u1:MinimumPaymentFlag></u1:MinimumPaymentFlag>
						<u1:CardUsedFlag></u1:CardUsedFlag>
						<u1:AmountSpent></u1:AmountSpent>
						<u1:DaysPaymentDelay></u1:DaysPaymentDelay>
						<u1:ContractStatus></u1:ContractStatus>
						<u1:PaymentDueDate></u1:PaymentDueDate>
						<u1:StatementDueAmount></u1:StatementDueAmount>
						<u1:ActualPaymentAmount></u1:ActualPaymentAmount>
					</u1:History>
					<u1:Link>
						<u1:CBSubjectId></u1:CBSubjectId>
						<u1:Name></u1:Name>
						<u1:Role></u1:Role>
						<u1:SubjectType></u1:SubjectType>
					</u1:Link>
				</u1:Contract>
			</u1:CreditCards>
			<u1:Services>
				<u1:Summary>
					<u1:Holder>
						<u1:TotalNo></u1:TotalNo>
						<u1:DataProvidersNo></u1:DataProvidersNo>
						<u1:RequestNo></u1:RequestNo>
						<u1:DeclinedNo></u1:DeclinedNo>
						<u1:RejectedNo></u1:RejectedNo>
						<u1:NotTakenUpNo></u1:NotTakenUpNo>
						<u1:ActiveNo></u1:ActiveNo>
						<u1:ClosedNo></u1:ClosedNo>
					</u1:Holder>
					<u1:Guarantor>
						<u1:TotalNo></u1:TotalNo>
						<u1:DataProvidersNo></u1:DataProvidersNo>
						<u1:RequestNo></u1:RequestNo>
						<u1:DeclinedNo></u1:DeclinedNo>
						<u1:RejectedNo></u1:RejectedNo>
						<u1:NotTakenUpNo></u1:NotTakenUpNo>
						<u1:ActiveNo></u1:ActiveNo>
						<u1:ClosedNo></u1:ClosedNo>
					</u1:Guarantor>
				</u1:Summary>
				<u1:FinancialSummary>
					<u1:Holder>
						<u1:Balance></u1:Balance>
						<u1:OverdueAmount></u1:OverdueAmount>
					</u1:Holder>
					<u1:Guarantor>
						<u1:Balance></u1:Balance>
						<u1:OverdueAmount></u1:OverdueAmount>
					</u1:Guarantor>
				</u1:FinancialSummary>
				<u1:Contract>
					<u1:CommonData>
						<u1:CBContractId></u1:CBContractId>
						<u1:ProviderNo></u1:ProviderNo>
						<u1:ProviderContractNo></u1:ProviderContractNo>
						<u1:OriginalCurrency></u1:OriginalCurrency>
						<u1:ReferenceDate></u1:ReferenceDate>
						<u1:ContractType></u1:ContractType>
						<u1:ActiveFlag></u1:ActiveFlag>
						<u1:Role></u1:Role>
						<u1:OpenDate></u1:OpenDate>
						<u1:ClosedDate></u1:ClosedDate>
						<u1:WorstStatus></u1:WorstStatus>
						<u1:WorstStatusDate></u1:WorstStatusDate>
						<u1:MaxOverdueAmount></u1:MaxOverdueAmount>
						<u1:MaxOverdueAmountDate></u1:MaxOverdueAmountDate>
						<u1:FlagOpenDispute></u1:FlagOpenDispute>
					</u1:CommonData>
					<u1:HolderIsNotLiable></u1:HolderIsNotLiable>
					<u1:CommunicationType></u1:CommunicationType>
					<u1:MaxDaysPaymentDelay></u1:MaxDaysPaymentDelay>
					<u1:MaxDaysPaymentDelayDate></u1:MaxDaysPaymentDelayDate>
					<u1:FraudFlag></u1:FraudFlag>
					<u1:FraudFlagDate></u1:FraudFlagDate>
					<u1:History>
						<u1:ReferenceDate></u1:ReferenceDate>
						<u1:BilledAmount></u1:BilledAmount>
						<u1:Balance></u1:Balance>
						<u1:OverdueAmount></u1:OverdueAmount>
						<u1:DaysPaymentDelay></u1:DaysPaymentDelay>
						<u1:ContractStatus></u1:ContractStatus>
					</u1:History>
					<u1:Link>
						<u1:CBSubjectId></u1:CBSubjectId>
						<u1:Name></u1:Name>
						<u1:Role></u1:Role>
						<u1:SubjectType></u1:SubjectType>
					</u1:Link>
				</u1:Contract>
			</u1:Services>
			<u1:Application>
				<u1:CommonData>
					<u1:CBApplicationId></u1:CBApplicationId>
					<u1:ProviderNo></u1:ProviderNo>
					<u1:ProviderApplicationNo></u1:ProviderApplicationNo>
					<u1:ContractCategory></u1:ContractCategory>
					<u1:ContractType></u1:ContractType>
					<u1:Phase></u1:Phase>
					<u1:Role></u1:Role>
					<u1:LastUpdateDate></u1:LastUpdateDate>
					<u1:FlagOpenDispute></u1:FlagOpenDispute>
				</u1:CommonData>
				<u1:TotalAmount></u1:TotalAmount>
				<u1:NoOfInstallments></u1:NoOfInstallments>
				<u1:CreditLimit></u1:CreditLimit>
				<u1:Link>
					<u1:CBSubjectId></u1:CBSubjectId>
					<u1:Name></u1:Name>
					<u1:Role></u1:Role>
					<u1:SubjectType></u1:SubjectType>
				</u1:Link>
			</u1:Application>
		</u1:ContractData>
		<u1:EmploymentHistory>
			<u1:UpdateInfo>
				<u1:ProviderNo></u1:ProviderNo>
				<u1:DateOfUpdate></u1:DateOfUpdate>
			</u1:UpdateInfo>
			<u1:EmploymentInfo>
				<u1:Name></u1:Name>
				<u1:DateOfEmployment></u1:DateOfEmployment>
				<u1:DateOfTermination></u1:DateOfTermination>
				<u1:GrossAnnualIncome></u1:GrossAnnualIncome>
				<u1:EmploymentType></u1:EmploymentType>
				<u1:ActualFlag></u1:ActualFlag>
			</u1:EmploymentInfo>
			<u1:FlagOpenDispute></u1:FlagOpenDispute>
		</u1:EmploymentHistory>
		<u1:OtherIncome>
			<u1:UpdateInfo>
				<u1:ProviderNo></u1:ProviderNo>
				<u1:DateOfUpdate></u1:DateOfUpdate>
			</u1:UpdateInfo>
			<u1:OtherIncomeData>
				<u1:Source></u1:Source>
				<u1:GrossAnnualAmount></u1:GrossAnnualAmount>
			</u1:OtherIncomeData>
			<u1:FlagOpenDispute></u1:FlagOpenDispute>
		</u1:OtherIncome>
		<u1:PaymentOrder>
			<u1:ProviderNo></u1:ProviderNo>
			<u1:Type></u1:Type>
			<u1:BeneficiaryName></u1:BeneficiaryName>
			<u1:IBAN></u1:IBAN>
			<u1:Number></u1:Number>
			<u1:Amount></u1:Amount>
			<u1:ReasonCode></u1:ReasonCode>
			<u1:ReturnDate></u1:ReturnDate>
			<u1:Severity></u1:Severity>
			<u1:ReferenceDate></u1:ReferenceDate>
			<u1:FlagOpenDispute></u1:FlagOpenDispute>
		</u1:PaymentOrder>
		<u1:Score>
			<u1:Error>
				<u1:Number></u1:Number>
				<u1:Description></u1:Description>
			</u1:Error>
			<u1:FraudContractFlag></u1:FraudContractFlag>
			<u1:PaymentOrderFlag></u1:PaymentOrderFlag>
		</u1:Score>
	</u1:Response>
</u1:ME_RES>