<?xml version="1.0" encoding="UTF-8"?>
<!--Sample XML file generated by XMLSpy v2017 rel. 3 sp1 (x64) (http://www.altova.com)-->
<u2:AUE_RES xmlns:u2="urn:AUE" xmlns:xsi="http://www.w3.org/2001/XMLSchema-instance" xsi:schemaLocation="urn:AUE AUE_RES.xsd">
	<u2:ResponseId></u2:ResponseId>
	<u2:Response>
		<u2:CBApplicationId></u2:CBApplicationId>
		<u2:ProviderApplicationNo></u2:ProviderApplicationNo>
		<u2:PreviousPhase></u2:PreviousPhase>
		<u2:ActualPhase></u2:ActualPhase>
	</u2:Response>
</u2:AUE_RES>