<soapenv:Envelope xmlns:soapenv="http://schemas.xmlsoap.org/soap/envelope/" xmlns:urn="urn:crif-message:2006-08-23" xmlns:urn1="urn:crif-messagegateway:2006-08-23">
<soapenv:Header>
       <urn:Message GId="Group Id Here" MId="Message Id Here" MTs="2017-07-23T06:11:14+00:00">
         <!--Optional:-->
         <urn:C UD="?" UId="Username Here" UPwd="Password Here">
            <!--You may enter ANY elements at this point-->
         </urn:C>
         <!--Zero or more repetitions:-->
         <urn:P SId="CB" PId="AUE" PNs="urn:uae-message:2014-06-01">
            <!--You may enter ANY elements at this point-->
         </urn:P>
         <!--Optional:-->
         <urn:Tx TxNs="urn:crif-messagegateway:2006-08-23">
            <!--You may enter ANY elements at this point-->
         </urn:Tx>
         <!--You may enter ANY elements at this point-->
      </urn:Message>
   </soapenv:Header>
   <soapenv:Body>
   <urn1:MGRequest><![CDATA[<?xml version="1.0" encoding="UTF-8"?>
<!--Sample XML file generated by XMLSpy v2017 rel. 3 sp1 (x64) (http://www.altova.com)-->
<u2:AUE_REQ xmlns:u2="urn:AUE" xmlns:xsi="http://www.w3.org/2001/XMLSchema-instance" xsi:schemaLocation="urn:AUE AUE_REQ.xsd">
	<u2:CBApplicationId></u2:CBApplicationId>
	<u2:Phase></u2:Phase>
</u2:AUE_REQ>]]>
   </urn1:MGRequest>
</soapenv:Body>
</soapenv:Envelope>
