<?xml version="1.0" encoding="UTF-8"?>
<!--Sample XML file generated by XMLSpy v2017 rel. 3 sp1 (x64) (http://www.altova.com)-->
<u3:NAE_RES xmlns:u3="urn:NAE" xmlns:xsi="http://www.w3.org/2001/XMLSchema-instance" xsi:schemaLocation="urn:NAE NAE_RES.xsd">
	<u3:ResponseId></u3:ResponseId>
	<u3:EnquiredSubject>
		<u3:ProviderSubjectNo></u3:ProviderSubjectNo>
		<u3:Individual>
			<u3:FullNameEN></u3:FullNameEN>
			<u3:FullNameAR></u3:FullNameAR>
			<u3:Gender></u3:Gender>
			<u3:DOB></u3:DOB>
			<u3:Nationality></u3:Nationality>
			<u3:EmiratesId></u3:EmiratesId>
			<u3:PassportNo></u3:PassportNo>
			<u3:PassportExpiryDate></u3:PassportExpiryDate>
			<u3:PreviousPassportNo></u3:PreviousPassportNo>
			<u3:DrivingLicenseNo></u3:DrivingLicenseNo>
			<u3:PrimaryMobileNo></u3:PrimaryMobileNo>
		</u3:Individual>
	</u3:EnquiredSubject>
	<u3:Error>
		<u3:No></u3:No>
		<u3:Description></u3:Description>
	</u3:Error>
</u3:NAE_RES>