<?xml version="1.0" encoding="UTF-8"?>
<!--Sample XML file generated by XMLSpy v2017 rel. 3 sp1 (x64) (http://www.altova.com)-->
<u3:NAE_RES xmlns:u3="urn:NAE" xmlns:xsi="http://www.w3.org/2001/XMLSchema-instance" xsi:schemaLocation="urn:NAE NAE_RES.xsd">
	<u3:ResponseId></u3:ResponseId>
	<u3:NewApplication>
		<u3:CBContractId></u3:CBContractId>
		<u3:ProviderApplicationNo></u3:ProviderApplicationNo>
	</u3:NewApplication>
	<u3:EnquiredSubject>
		<u3:ProviderSubjectNo></u3:ProviderSubjectNo>
		<u3:Individual>
			<u3:FullNameEN></u3:FullNameEN>
			<u3:FullNameAR></u3:FullNameAR>
			<u3:Gender></u3:Gender>
			<u3:DOB></u3:DOB>
			<u3:Nationality></u3:Nationality>
			<u3:EmiratesId></u3:EmiratesId>
			<u3:PassportNo></u3:PassportNo>
			<u3:PassportExpiryDate></u3:PassportExpiryDate>
			<u3:PreviousPassportNo></u3:PreviousPassportNo>
			<u3:DrivingLicenseNo></u3:DrivingLicenseNo>
			<u3:PrimaryMobileNo></u3:PrimaryMobileNo>
		</u3:Individual>
	</u3:EnquiredSubject>
	<u3:NewCBSubjectId></u3:NewCBSubjectId>
	<u3:Response>
		<u3:MatchedSubject>
			<u3:CBSubjectId></u3:CBSubjectId>
			<u3:ProviderSubjectNo></u3:ProviderSubjectNo>
			<u3:Company>
				<u3:TradeName></u3:TradeName>
				<u3:TradeNameHistory>
					<u3:UpdateInfo>
						<u3:ProviderNo></u3:ProviderNo>
						<u3:DateOfUpdate></u3:DateOfUpdate>
					</u3:UpdateInfo>
					<u3:TradeNameData>
						<u3:TradeName></u3:TradeName>
						<u3:ActualFlag></u3:ActualFlag>
					</u3:TradeNameData>
				</u3:TradeNameHistory>
				<u3:TradeNameAR></u3:TradeNameAR>
				<u3:TradeNameARHistory>
					<u3:UpdateInfo>
						<u3:ProviderNo></u3:ProviderNo>
						<u3:DateOfUpdate></u3:DateOfUpdate>
					</u3:UpdateInfo>
					<u3:TradeNameARData>
						<u3:TradeNameAR></u3:TradeNameAR>
						<u3:ActualFlag></u3:ActualFlag>
					</u3:TradeNameARData>
				</u3:TradeNameARHistory>
				<u3:DateOfEstablishment></u3:DateOfEstablishment>
				<u3:DateOfEstablishmentHistory>
					<u3:UpdateInfo>
						<u3:ProviderNo></u3:ProviderNo>
						<u3:DateOfUpdate></u3:DateOfUpdate>
					</u3:UpdateInfo>
					<u3:DateOfEstablishmentData>
						<u3:DateOfEstablishment></u3:DateOfEstablishment>
						<u3:ActualFlag></u3:ActualFlag>
					</u3:DateOfEstablishmentData>
				</u3:DateOfEstablishmentHistory>
				<u3:TradeLicenseHistory>
					<u3:UpdateInfo>
						<u3:ProviderNo></u3:ProviderNo>
						<u3:DateOfUpdate></u3:DateOfUpdate>
					</u3:UpdateInfo>
					<u3:TradeLicense>
						<u3:RegistrationPlace></u3:RegistrationPlace>
						<u3:Number></u3:Number>
						<u3:ActualFlag></u3:ActualFlag>
					</u3:TradeLicense>
				</u3:TradeLicenseHistory>
				<u3:AddressHistory>
					<u3:UpdateInfo>
						<u3:ProviderNo></u3:ProviderNo>
						<u3:DateOfUpdate></u3:DateOfUpdate>
					</u3:UpdateInfo>
					<u3:AddressData>
						<u3:Emirate></u3:Emirate>
						<u3:Address></u3:Address>
						<u3:AddressAR></u3:AddressAR>
						<u3:PlotNo></u3:PlotNo>
						<u3:POBox></u3:POBox>
						<u3:ActualFlag></u3:ActualFlag>
					</u3:AddressData>
					<u3:FlagOpenDispute></u3:FlagOpenDispute>
				</u3:AddressHistory>
				<u3:EconomicActivity></u3:EconomicActivity>
				<u3:EconomicActivityHistory>
					<u3:UpdateInfo>
						<u3:ProviderNo></u3:ProviderNo>
						<u3:DateOfUpdate></u3:DateOfUpdate>
					</u3:UpdateInfo>
					<u3:EconomicActivityData>
						<u3:EconomicActivity></u3:EconomicActivity>
						<u3:ActualFlag></u3:ActualFlag>
					</u3:EconomicActivityData>
				</u3:EconomicActivityHistory>
				<u3:ContactHistory>
					<u3:UpdateInfo>
						<u3:ProviderNo></u3:ProviderNo>
						<u3:DateOfUpdate></u3:DateOfUpdate>
					</u3:UpdateInfo>
					<u3:ContactData>
						<u3:ContactType></u3:ContactType>
						<u3:Contact></u3:Contact>
						<u3:ActualFlag></u3:ActualFlag>
					</u3:ContactData>
					<u3:FlagOpenDispute></u3:FlagOpenDispute>
				</u3:ContactHistory>
				<u3:DisputeCategory></u3:DisputeCategory>
			</u3:Company>
		</u3:MatchedSubject>
		<u3:SubjectLink>
			<u3:ProviderNo></u3:ProviderNo>
			<u3:LinkSubjectData>
				<u3:CBSubjectId></u3:CBSubjectId>
				<u3:Name></u3:Name>
				<u3:Role></u3:Role>
				<u3:SubjectType></u3:SubjectType>
				<u3:ShareholderPercentage></u3:ShareholderPercentage>
			</u3:LinkSubjectData>
			<u3:FlagOpenDispute></u3:FlagOpenDispute>
		</u3:SubjectLink>
		<u3:ContractData>
			<u3:TotalSummaries>
				<u3:NumbersSummary>
					<u3:TotalNo></u3:TotalNo>
					<u3:DataProvidersNo></u3:DataProvidersNo>
					<u3:RequestNo></u3:RequestNo>
					<u3:DeclinedNo></u3:DeclinedNo>
					<u3:RejectedNo></u3:RejectedNo>
					<u3:NotTakenUpNo></u3:NotTakenUpNo>
					<u3:ActiveNo></u3:ActiveNo>
					<u3:ClosedNo></u3:ClosedNo>
				</u3:NumbersSummary>
				<u3:KeyValuesSummary>
					<u3:TotalBalance></u3:TotalBalance>
					<u3:TotalOverdue></u3:TotalOverdue>
					<u3:DefaultAccountsNumber></u3:DefaultAccountsNumber>
				</u3:KeyValuesSummary>
				<u3:ContractsSummary>
					<u3:TotalExposure></u3:TotalExposure>
					<u3:TotalExposureNonFunded></u3:TotalExposureNonFunded>
					<u3:CreditUtilizationRate></u3:CreditUtilizationRate>
					<u3:MaxCurrentPaymentDelay></u3:MaxCurrentPaymentDelay>
					<u3:MaxCurrentPaymentDelayContractType></u3:MaxCurrentPaymentDelayContractType>
					<u3:MaxPaymentDelay24M></u3:MaxPaymentDelay24M>
					<u3:MaxPaymentDelay24MContractType></u3:MaxPaymentDelay24MContractType>
					<u3:WorstStatus24M></u3:WorstStatus24M>
					<u3:OldestContractOpenDate></u3:OldestContractOpenDate>
					<u3:NewestContractOpenDate></u3:NewestContractOpenDate>
					<u3:Applications90D></u3:Applications90D>
					<u3:TotalBalanceGuaranteed></u3:TotalBalanceGuaranteed>
					<u3:TotalOverdueGuaranteed></u3:TotalOverdueGuaranteed>
				</u3:ContractsSummary>
			</u3:TotalSummaries>
			<u3:Installments>
				<u3:Summary>
					<u3:Holder>
						<u3:TotalNo></u3:TotalNo>
						<u3:DataProvidersNo></u3:DataProvidersNo>
						<u3:RequestNo></u3:RequestNo>
						<u3:DeclinedNo></u3:DeclinedNo>
						<u3:RejectedNo></u3:RejectedNo>
						<u3:NotTakenUpNo></u3:NotTakenUpNo>
						<u3:ActiveNo></u3:ActiveNo>
						<u3:ClosedNo></u3:ClosedNo>
					</u3:Holder>
					<u3:Guarantor>
						<u3:TotalNo></u3:TotalNo>
						<u3:DataProvidersNo></u3:DataProvidersNo>
						<u3:RequestNo></u3:RequestNo>
						<u3:DeclinedNo></u3:DeclinedNo>
						<u3:RejectedNo></u3:RejectedNo>
						<u3:NotTakenUpNo></u3:NotTakenUpNo>
						<u3:ActiveNo></u3:ActiveNo>
						<u3:ClosedNo></u3:ClosedNo>
					</u3:Guarantor>
				</u3:Summary>
				<u3:FinancialSummary>
					<u3:Holder>
						<u3:PaymentAmount></u3:PaymentAmount>
						<u3:Balance></u3:Balance>
						<u3:OverdueAmount></u3:OverdueAmount>
					</u3:Holder>
					<u3:Guarantor>
						<u3:PaymentAmount></u3:PaymentAmount>
						<u3:Balance></u3:Balance>
						<u3:OverdueAmount></u3:OverdueAmount>
					</u3:Guarantor>
				</u3:FinancialSummary>
				<u3:Contract>
					<u3:CommonData>
						<u3:CBContractId></u3:CBContractId>
						<u3:ProviderNo></u3:ProviderNo>
						<u3:ProviderContractNo></u3:ProviderContractNo>
						<u3:OriginalCurrency></u3:OriginalCurrency>
						<u3:ReferenceDate></u3:ReferenceDate>
						<u3:ContractType></u3:ContractType>
						<u3:ActiveFlag></u3:ActiveFlag>
						<u3:Role></u3:Role>
						<u3:OpenDate></u3:OpenDate>
						<u3:ClosedDate></u3:ClosedDate>
						<u3:WorstStatus></u3:WorstStatus>
						<u3:WorstStatusDate></u3:WorstStatusDate>
						<u3:MaxOverdueAmount></u3:MaxOverdueAmount>
						<u3:MaxOverdueAmountDate></u3:MaxOverdueAmountDate>
						<u3:FlagOpenDispute></u3:FlagOpenDispute>
					</u3:CommonData>
					<u3:TotalAmount></u3:TotalAmount>
					<u3:NoOfInstallments></u3:NoOfInstallments>
					<u3:NoOfRemainingInstallments></u3:NoOfRemainingInstallments>
					<u3:PaymentAmount></u3:PaymentAmount>
					<u3:PaymentFrequency></u3:PaymentFrequency>
					<u3:MethodOfPayment></u3:MethodOfPayment>
					<u3:IslamicContractFlag></u3:IslamicContractFlag>
					<u3:SecuredContractFlag></u3:SecuredContractFlag>
					<u3:SecurityType></u3:SecurityType>
					<u3:FraudFlag></u3:FraudFlag>
					<u3:FraudFlagDate></u3:FraudFlagDate>
					<u3:MaxDaysPaymentDelay></u3:MaxDaysPaymentDelay>
					<u3:MaxDaysPaymentDelayDate></u3:MaxDaysPaymentDelayDate>
					<u3:History>
						<u3:ReferenceDate></u3:ReferenceDate>
						<u3:Balance></u3:Balance>
						<u3:OverdueAmount></u3:OverdueAmount>
						<u3:DaysPaymentDelay></u3:DaysPaymentDelay>
						<u3:ContractStatus></u3:ContractStatus>
					</u3:History>
					<u3:Link>
						<u3:CBSubjectId></u3:CBSubjectId>
						<u3:Name></u3:Name>
						<u3:Role></u3:Role>
						<u3:SubjectType></u3:SubjectType>
					</u3:Link>
				</u3:Contract>
			</u3:Installments>
			<u3:NotInstallments>
				<u3:Summary>
					<u3:Holder>
						<u3:TotalNo></u3:TotalNo>
						<u3:DataProvidersNo></u3:DataProvidersNo>
						<u3:RequestNo></u3:RequestNo>
						<u3:DeclinedNo></u3:DeclinedNo>
						<u3:RejectedNo></u3:RejectedNo>
						<u3:NotTakenUpNo></u3:NotTakenUpNo>
						<u3:ActiveNo></u3:ActiveNo>
						<u3:ClosedNo></u3:ClosedNo>
					</u3:Holder>
					<u3:Guarantor>
						<u3:TotalNo></u3:TotalNo>
						<u3:DataProvidersNo></u3:DataProvidersNo>
						<u3:RequestNo></u3:RequestNo>
						<u3:DeclinedNo></u3:DeclinedNo>
						<u3:RejectedNo></u3:RejectedNo>
						<u3:NotTakenUpNo></u3:NotTakenUpNo>
						<u3:ActiveNo></u3:ActiveNo>
						<u3:ClosedNo></u3:ClosedNo>
					</u3:Guarantor>
				</u3:Summary>
				<u3:FinancialSummary>
					<u3:Holder>
						<u3:CreditLimit></u3:CreditLimit>
						<u3:Balance></u3:Balance>
						<u3:OverdueAmount></u3:OverdueAmount>
					</u3:Holder>
					<u3:Guarantor>
						<u3:CreditLimit></u3:CreditLimit>
						<u3:Balance></u3:Balance>
						<u3:OverdueAmount></u3:OverdueAmount>
					</u3:Guarantor>
				</u3:FinancialSummary>
				<u3:Contract>
					<u3:CommonData>
						<u3:CBContractId></u3:CBContractId>
						<u3:ProviderNo></u3:ProviderNo>
						<u3:ProviderContractNo></u3:ProviderContractNo>
						<u3:OriginalCurrency></u3:OriginalCurrency>
						<u3:ReferenceDate></u3:ReferenceDate>
						<u3:ContractType></u3:ContractType>
						<u3:ActiveFlag></u3:ActiveFlag>
						<u3:Role></u3:Role>
						<u3:OpenDate></u3:OpenDate>
						<u3:ClosedDate></u3:ClosedDate>
						<u3:WorstStatus></u3:WorstStatus>
						<u3:WorstStatusDate></u3:WorstStatusDate>
						<u3:MaxOverdueAmount></u3:MaxOverdueAmount>
						<u3:MaxOverdueAmountDate></u3:MaxOverdueAmountDate>
						<u3:FlagOpenDispute></u3:FlagOpenDispute>
					</u3:CommonData>
					<u3:IslamicContractFlag></u3:IslamicContractFlag>
					<u3:SecuredContractFlag></u3:SecuredContractFlag>
					<u3:SecurityType></u3:SecurityType>
					<u3:FraudFlag></u3:FraudFlag>
					<u3:FraudFlagDate></u3:FraudFlagDate>
					<u3:MaxDaysPaymentDelay></u3:MaxDaysPaymentDelay>
					<u3:MaxDaysPaymentDelayDate></u3:MaxDaysPaymentDelayDate>
					<u3:History>
						<u3:ReferenceDate></u3:ReferenceDate>
						<u3:CreditLimit></u3:CreditLimit>
						<u3:Balance></u3:Balance>
						<u3:UtilizationRate></u3:UtilizationRate>
						<u3:OverdueAmount></u3:OverdueAmount>
						<u3:DaysPaymentDelay></u3:DaysPaymentDelay>
						<u3:ContractStatus></u3:ContractStatus>
					</u3:History>
					<u3:Link>
						<u3:CBSubjectId></u3:CBSubjectId>
						<u3:Name></u3:Name>
						<u3:Role></u3:Role>
						<u3:SubjectType></u3:SubjectType>
					</u3:Link>
				</u3:Contract>
			</u3:NotInstallments>
			<u3:CreditCards>
				<u3:Summary>
					<u3:Holder>
						<u3:TotalNo></u3:TotalNo>
						<u3:DataProvidersNo></u3:DataProvidersNo>
						<u3:RequestNo></u3:RequestNo>
						<u3:DeclinedNo></u3:DeclinedNo>
						<u3:RejectedNo></u3:RejectedNo>
						<u3:NotTakenUpNo></u3:NotTakenUpNo>
						<u3:ActiveNo></u3:ActiveNo>
						<u3:ClosedNo></u3:ClosedNo>
					</u3:Holder>
					<u3:Guarantor>
						<u3:TotalNo></u3:TotalNo>
						<u3:DataProvidersNo></u3:DataProvidersNo>
						<u3:RequestNo></u3:RequestNo>
						<u3:DeclinedNo></u3:DeclinedNo>
						<u3:RejectedNo></u3:RejectedNo>
						<u3:NotTakenUpNo></u3:NotTakenUpNo>
						<u3:ActiveNo></u3:ActiveNo>
						<u3:ClosedNo></u3:ClosedNo>
					</u3:Guarantor>
				</u3:Summary>
				<u3:FinancialSummary>
					<u3:Holder>
						<u3:CreditLimit></u3:CreditLimit>
						<u3:Balance></u3:Balance>
						<u3:OverdueAmount></u3:OverdueAmount>
					</u3:Holder>
					<u3:Guarantor>
						<u3:CreditLimit></u3:CreditLimit>
						<u3:Balance></u3:Balance>
						<u3:OverdueAmount></u3:OverdueAmount>
					</u3:Guarantor>
				</u3:FinancialSummary>
				<u3:Contract>
					<u3:CommonData>
						<u3:CBContractId></u3:CBContractId>
						<u3:ProviderNo></u3:ProviderNo>
						<u3:ProviderContractNo></u3:ProviderContractNo>
						<u3:OriginalCurrency></u3:OriginalCurrency>
						<u3:ReferenceDate></u3:ReferenceDate>
						<u3:ContractType></u3:ContractType>
						<u3:ActiveFlag></u3:ActiveFlag>
						<u3:Role></u3:Role>
						<u3:OpenDate></u3:OpenDate>
						<u3:ClosedDate></u3:ClosedDate>
						<u3:WorstStatus></u3:WorstStatus>
						<u3:WorstStatusDate></u3:WorstStatusDate>
						<u3:MaxOverdueAmount></u3:MaxOverdueAmount>
						<u3:MaxOverdueAmountDate></u3:MaxOverdueAmountDate>
						<u3:FlagOpenDispute></u3:FlagOpenDispute>
					</u3:CommonData>
					<u3:IslamicContractFlag></u3:IslamicContractFlag>
					<u3:SecuredContractFlag></u3:SecuredContractFlag>
					<u3:SecurityType></u3:SecurityType>
					<u3:FraudFlag></u3:FraudFlag>
					<u3:FraudFlagDate></u3:FraudFlagDate>
					<u3:MaxDaysPaymentDelay></u3:MaxDaysPaymentDelay>
					<u3:MaxDaysPaymentDelayDate></u3:MaxDaysPaymentDelayDate>
					<u3:MinimumPaymentPercentage></u3:MinimumPaymentPercentage>
					<u3:History>
						<u3:ReferenceDate></u3:ReferenceDate>
						<u3:CreditLimit></u3:CreditLimit>
						<u3:Balance></u3:Balance>
						<u3:OverdueAmount></u3:OverdueAmount>
						<u3:UtilizationRate></u3:UtilizationRate>
						<u3:PaymentBehaviour></u3:PaymentBehaviour>
						<u3:MinimumPaymentFlag></u3:MinimumPaymentFlag>
						<u3:CardUsedFlag></u3:CardUsedFlag>
						<u3:AmountSpent></u3:AmountSpent>
						<u3:DaysPaymentDelay></u3:DaysPaymentDelay>
						<u3:ContractStatus></u3:ContractStatus>
						<u3:PaymentDueDate></u3:PaymentDueDate>
						<u3:StatementDueAmount></u3:StatementDueAmount>
						<u3:ActualPaymentAmount></u3:ActualPaymentAmount>
					</u3:History>
					<u3:Link>
						<u3:CBSubjectId></u3:CBSubjectId>
						<u3:Name></u3:Name>
						<u3:Role></u3:Role>
						<u3:SubjectType></u3:SubjectType>
					</u3:Link>
				</u3:Contract>
			</u3:CreditCards>
			<u3:Services>
				<u3:Summary>
					<u3:Holder>
						<u3:TotalNo></u3:TotalNo>
						<u3:DataProvidersNo></u3:DataProvidersNo>
						<u3:RequestNo></u3:RequestNo>
						<u3:DeclinedNo></u3:DeclinedNo>
						<u3:RejectedNo></u3:RejectedNo>
						<u3:NotTakenUpNo></u3:NotTakenUpNo>
						<u3:ActiveNo></u3:ActiveNo>
						<u3:ClosedNo></u3:ClosedNo>
					</u3:Holder>
					<u3:Guarantor>
						<u3:TotalNo></u3:TotalNo>
						<u3:DataProvidersNo></u3:DataProvidersNo>
						<u3:RequestNo></u3:RequestNo>
						<u3:DeclinedNo></u3:DeclinedNo>
						<u3:RejectedNo></u3:RejectedNo>
						<u3:NotTakenUpNo></u3:NotTakenUpNo>
						<u3:ActiveNo></u3:ActiveNo>
						<u3:ClosedNo></u3:ClosedNo>
					</u3:Guarantor>
				</u3:Summary>
				<u3:FinancialSummary>
					<u3:Holder>
						<u3:Balance></u3:Balance>
						<u3:OverdueAmount></u3:OverdueAmount>
					</u3:Holder>
					<u3:Guarantor>
						<u3:Balance></u3:Balance>
						<u3:OverdueAmount></u3:OverdueAmount>
					</u3:Guarantor>
				</u3:FinancialSummary>
				<u3:Contract>
					<u3:CommonData>
						<u3:CBContractId></u3:CBContractId>
						<u3:ProviderNo></u3:ProviderNo>
						<u3:ProviderContractNo></u3:ProviderContractNo>
						<u3:OriginalCurrency></u3:OriginalCurrency>
						<u3:ReferenceDate></u3:ReferenceDate>
						<u3:ContractType></u3:ContractType>
						<u3:ActiveFlag></u3:ActiveFlag>
						<u3:Role></u3:Role>
						<u3:OpenDate></u3:OpenDate>
						<u3:ClosedDate></u3:ClosedDate>
						<u3:WorstStatus></u3:WorstStatus>
						<u3:WorstStatusDate></u3:WorstStatusDate>
						<u3:MaxOverdueAmount></u3:MaxOverdueAmount>
						<u3:MaxOverdueAmountDate></u3:MaxOverdueAmountDate>
						<u3:FlagOpenDispute></u3:FlagOpenDispute>
					</u3:CommonData>
					<u3:HolderIsNotLiable></u3:HolderIsNotLiable>
					<u3:CommunicationType></u3:CommunicationType>
					<u3:MaxDaysPaymentDelay></u3:MaxDaysPaymentDelay>
					<u3:MaxDaysPaymentDelayDate></u3:MaxDaysPaymentDelayDate>
					<u3:FraudFlag></u3:FraudFlag>
					<u3:FraudFlagDate></u3:FraudFlagDate>
					<u3:History>
						<u3:ReferenceDate></u3:ReferenceDate>
						<u3:BilledAmount></u3:BilledAmount>
						<u3:Balance></u3:Balance>
						<u3:OverdueAmount></u3:OverdueAmount>
						<u3:DaysPaymentDelay></u3:DaysPaymentDelay>
						<u3:ContractStatus></u3:ContractStatus>
					</u3:History>
					<u3:Link>
						<u3:CBSubjectId></u3:CBSubjectId>
						<u3:Name></u3:Name>
						<u3:Role></u3:Role>
						<u3:SubjectType></u3:SubjectType>
					</u3:Link>
				</u3:Contract>
			</u3:Services>
			<u3:Application>
				<u3:CommonData>
					<u3:CBApplicationId></u3:CBApplicationId>
					<u3:ProviderNo></u3:ProviderNo>
					<u3:ProviderApplicationNo></u3:ProviderApplicationNo>
					<u3:ContractCategory></u3:ContractCategory>
					<u3:ContractType></u3:ContractType>
					<u3:Phase></u3:Phase>
					<u3:Role></u3:Role>
					<u3:LastUpdateDate></u3:LastUpdateDate>
					<u3:FlagOpenDispute></u3:FlagOpenDispute>
				</u3:CommonData>
				<u3:TotalAmount></u3:TotalAmount>
				<u3:NoOfInstallments></u3:NoOfInstallments>
				<u3:CreditLimit></u3:CreditLimit>
				<u3:Link>
					<u3:CBSubjectId></u3:CBSubjectId>
					<u3:Name></u3:Name>
					<u3:Role></u3:Role>
					<u3:SubjectType></u3:SubjectType>
				</u3:Link>
			</u3:Application>
		</u3:ContractData>
		<u3:EmploymentHistory>
			<u3:UpdateInfo>
				<u3:ProviderNo></u3:ProviderNo>
				<u3:DateOfUpdate></u3:DateOfUpdate>
			</u3:UpdateInfo>
			<u3:EmploymentInfo>
				<u3:Name></u3:Name>
				<u3:DateOfEmployment></u3:DateOfEmployment>
				<u3:DateOfTermination></u3:DateOfTermination>
				<u3:GrossAnnualIncome></u3:GrossAnnualIncome>
				<u3:EmploymentType></u3:EmploymentType>
				<u3:ActualFlag></u3:ActualFlag>
			</u3:EmploymentInfo>
			<u3:FlagOpenDispute></u3:FlagOpenDispute>
		</u3:EmploymentHistory>
		<u3:OtherIncome>
			<u3:UpdateInfo>
				<u3:ProviderNo></u3:ProviderNo>
				<u3:DateOfUpdate></u3:DateOfUpdate>
			</u3:UpdateInfo>
			<u3:OtherIncomeData>
				<u3:Source></u3:Source>
				<u3:GrossAnnualAmount></u3:GrossAnnualAmount>
			</u3:OtherIncomeData>
			<u3:FlagOpenDispute></u3:FlagOpenDispute>
		</u3:OtherIncome>
		<u3:PaymentOrder>
			<u3:ProviderNo></u3:ProviderNo>
			<u3:Type></u3:Type>
			<u3:BeneficiaryName></u3:BeneficiaryName>
			<u3:IBAN></u3:IBAN>
			<u3:Number></u3:Number>
			<u3:Amount></u3:Amount>
			<u3:ReasonCode></u3:ReasonCode>
			<u3:ReturnDate></u3:ReturnDate>
			<u3:Severity></u3:Severity>
			<u3:ReferenceDate></u3:ReferenceDate>
			<u3:FlagOpenDispute></u3:FlagOpenDispute>
		</u3:PaymentOrder>
		<u3:Score>
			<u3:Error>
				<u3:Number></u3:Number>
				<u3:Description></u3:Description>
			</u3:Error>
			<u3:FraudContractFlag></u3:FraudContractFlag>
			<u3:PaymentOrderFlag></u3:PaymentOrderFlag>
		</u3:Score>
	</u3:Response>
</u3:NAE_RES>
