<soapenv:Envelope xmlns:soapenv="http://schemas.xmlsoap.org/soap/envelope/" xmlns:urn="urn:crif-message:2006-08-23" xmlns:urn1="urn:crif-messagegateway:2006-08-23">
   <soapenv:Header>
      <urn:Message GId="Group Id Here" MId="Message Id Here" MTs="2017-06-05T15:36:56.7577435+04:00">
         <!--Optional:-->
         <urn:C UD="?" UId="Username Here" UPwd="Password Here">
            <!--You may enter ANY elements at this point-->
         </urn:C>
         <!--Zero or more repetitions:-->
         <urn:P SId="CB" PId="NAE" PNs="urn:uae-message:2014-06-01">
            <!--You may enter ANY elements at this point-->
         </urn:P>
         <!--Optional:-->
         <urn:Tx TxNs="urn:crif-messagegateway:2006-08-23">
            <!--You may enter ANY elements at this point-->
         </urn:Tx>
         <!--You may enter ANY elements at this point-->
      </urn:Message>
   </soapenv:Header>
   <soapenv:Body>
      <urn1:MGRequest><![CDATA[<?xml version="1.0" encoding="UTF-8"?>
<!--Sample XML file generated by XMLSpy v2017 rel. 3 sp1 (x64) (http://www.altova.com)-->
<u3:NAE_REQ xmlns:u3="urn:NAE" xmlns:xsi="http://www.w3.org/2001/XMLSchema-instance" xsi:schemaLocation="urn:NAE NAE_REQ.xsd">
	<u3:ConsentFlag></u3:ConsentFlag>
	<u3:Application>
		<u3:ProviderApplicationNo></u3:ProviderApplicationNo>
		<u3:ContractType></u3:ContractType>
		<u3:NotInstallment>
			<u3:CreditLimit></u3:CreditLimit>
		</u3:NotInstallment>
	</u3:Application>
	<u3:Role></u3:Role>
	<u3:Subject>
		<u3:ProviderSubjectNo></u3:ProviderSubjectNo>
		<u3:Company>
			<u3:TradeName></u3:TradeName>
			<u3:TradeLicense>
				<u3:RegistrationPlace></u3:RegistrationPlace>
				<u3:Number></u3:Number>
			</u3:TradeLicense>
			<u3:EconomicActivity></u3:EconomicActivity>
			<u3:PrimaryMobileNo></u3:PrimaryMobileNo>
		</u3:Company>
	</u3:Subject>
</u3:NAE_REQ>]]>
      </urn1:MGRequest>
   </soapenv:Body>
</soapenv:Envelope>
