<?xml version="1.0" encoding="UTF-8"?>
<!--Sample XML file generated by XMLSpy v2017 rel. 3 sp1 (x64) (http://www.altova.com)-->
<u7:GC_RES xmlns:u7="urn:GC" xmlns:xsi="http://www.w3.org/2001/XMLSchema-instance" xsi:schemaLocation="urn:GC GC_RES.xsd">
	<u7:ResponseId></u7:ResponseId>
	<u7:Contract>
		<u7:CreditCards>
			<u7:CommonData>
				<u7:CBContractId></u7:CBContractId>
				<u7:ProviderContractNo></u7:ProviderContractNo>
				<u7:OriginalCurrency></u7:OriginalCurrency>
				<u7:ReferenceDate></u7:ReferenceDate>
				<u7:ContractType></u7:ContractType>
				<u7:ActiveFlag></u7:ActiveFlag>
				<u7:OpenDate></u7:OpenDate>
				<u7:ClosedDate></u7:ClosedDate>
				<u7:WorstStatus></u7:WorstStatus>
				<u7:WorstStatusDate></u7:WorstStatusDate>
				<u7:MaxOverdueAmount></u7:MaxOverdueAmount>
				<u7:MaxOverdueAmountDate></u7:MaxOverdueAmountDate>
				<u7:FlagOpenDispute></u7:FlagOpenDispute>
			</u7:CommonData>
			<u7:IslamicContractFlag></u7:IslamicContractFlag>
			<u7:SecuredContractFlag></u7:SecuredContractFlag>
			<u7:SecurityType></u7:SecurityType>
			<u7:FraudFlag></u7:FraudFlag>
			<u7:FraudFlagDate></u7:FraudFlagDate>
			<u7:MaxDaysPaymentDelay></u7:MaxDaysPaymentDelay>
			<u7:MaxDaysPaymentDelayDate></u7:MaxDaysPaymentDelayDate>
			<u7:MinimumPaymentPercentage></u7:MinimumPaymentPercentage>
			<u7:History>
				<u7:ReferenceDate></u7:ReferenceDate>
				<u7:CreditLimit></u7:CreditLimit>
				<u7:Balance></u7:Balance>
				<u7:OverdueAmount></u7:OverdueAmount>
				<u7:UtilizationRate></u7:UtilizationRate>
				<u7:PaymentBehaviour></u7:PaymentBehaviour>
				<u7:MinimumPaymentFlag></u7:MinimumPaymentFlag>
				<u7:CardUsedFlag></u7:CardUsedFlag>
				<u7:AmountSpent></u7:AmountSpent>
				<u7:DaysPaymentDelay></u7:DaysPaymentDelay>
				<u7:ContractStatus></u7:ContractStatus>
				<u7:PaymentDueDate></u7:PaymentDueDate>
				<u7:StatementDueAmount></u7:StatementDueAmount>
				<u7:ActualPaymentAmount></u7:ActualPaymentAmount>
				<u7:ContractStatusDate></u7:ContractStatusDate>
			</u7:History>
		</u7:CreditCards>
	</u7:Contract>
</u7:GC_RES>
