<soapenv:Envelope xmlns:soapenv="http://schemas.xmlsoap.org/soap/envelope/" xmlns:urn="urn:crif-message:2006-08-23" xmlns:urn1="urn:crif-messagegateway:2006-08-23">
   <soapenv:Header>
      <urn:Message GId="Group Id Here" MId="Message Id Here" MTs="2017-06-05T15:36:56.7577435+04:00">
         <!--Optional:-->
         <urn:C UD="?" UId="Username Here" UPwd="Password Here">
            <!--You may enter ANY elements at this point-->
         </urn:C>
         <!--Zero or more repetitions:-->
         <urn:P SId="CB" PId="MI" PNs="urn:uae-message:2014-06-01">
            <!--You may enter ANY elements at this point-->
         </urn:P>
         <!--Optional:-->
         <urn:Tx TxNs="urn:crif-messagegateway:2006-08-23">
            <!--You may enter ANY elements at this point-->
         </urn:Tx>
         <!--You may enter ANY elements at this point-->
      </urn:Message>
   </soapenv:Header>
   <soapenv:Body>
     <urn1:MGRequest>
     <![CDATA[<?xml version="1.0" encoding="UTF-8"?>
<!--Sample XML file generated by XMLSpy v2017 rel. 3 sp1 (x64) (http://www.altova.com)-->
<u6:MI_REQ xmlns:u6="urn:MI" xmlns:xsi="http://www.w3.org/2001/XMLSchema-instance" xsi:schemaLocation="urn:MI MI_REQ.xsd">
	<u6:Contract>
		<u6:CommonData>
			<u6:CBContractId></u6:CBContractId>
			<u6:ReferenceDate></u6:ReferenceDate>
			<u6:ContractType></u6:ContractType>
			<u6:ActiveFlag></u6:ActiveFlag>
			<u6:ClosedDate></u6:ClosedDate>
			<u6:ContractStatus></u6:ContractStatus>
			<u6:ContractStatusDate></u6:ContractStatusDate>
			<u6:FraudFlag></u6:FraudFlag>
			<u6:FraudFlagDate></u6:FraudFlagDate>
		</u6:CommonData>
		<u6:Services>
			<u6:Balance></u6:Balance>
			<u6:OverdueAmount></u6:OverdueAmount>
			<u6:DaysPaymentDelay></u6:DaysPaymentDelay>
			<u6:BilledAmount></u6:BilledAmount>
			<u6:CommunicationType></u6:CommunicationType>
		</u6:Services>
	</u6:Contract>
</u6:MI_REQ>]]></urn1:MGRequest>
   </soapenv:Body>
</soapenv:Envelope>
