<soapenv:Envelope xmlns:soapenv="http://schemas.xmlsoap.org/soap/envelope/" xmlns:urn="urn:crif-message:2006-08-23" xmlns:urn1="urn:crif-messagegateway:2006-08-23">
   <soapenv:Header>
      <urn:Message GId="Group Id Here" MId="Message Id Here" MTs="2017-06-05T15:36:56.7577435+04:00">
         <!--Optional:-->
         <urn:C UD="?" UId="Username Here" UPwd="Password Here">
            <!--You may enter ANY elements at this point-->
         </urn:C>
         <!--Zero or more repetitions:-->
         <urn:P SId="CB" PId="MU" PNs="urn:uae-message:2014-06-01">
            <!--You may enter ANY elements at this point-->
         </urn:P>
         <!--Optional:-->
         <urn:Tx TxNs="urn:crif-messagegateway:2006-08-23">
            <!--You may enter ANY elements at this point-->
         </urn:Tx>
         <!--You may enter ANY elements at this point-->
      </urn:Message>
   </soapenv:Header>
   <soapenv:Body>
     <urn1:MGRequest><![CDATA[<?xml version="1.0" encoding="UTF-8"?>
<!--Sample XML file generated by XMLSpy v2017 rel. 3 sp1 (x64) (http://www.altova.com)-->
<u5:MU_REQ xmlns:u5="urn:MU" xmlns:xsi="http://www.w3.org/2001/XMLSchema-instance" xsi:schemaLocation="urn:MU MU_REQ.xsd">
	<u5:Contract>
		<u5:CommonData>
			<u5:CBContractId></u5:CBContractId>
			<u5:ReferenceDate></u5:ReferenceDate>
			<u5:ContractType></u5:ContractType>
			<u5:ActiveFlag></u5:ActiveFlag>
			<u5:ClosedDate></u5:ClosedDate>
			<u5:ContractStatus></u5:ContractStatus>
			<u5:ContractStatusDate></u5:ContractStatusDate>
			<u5:FraudFlag></u5:FraudFlag>
			<u5:FraudFlagDate></u5:FraudFlagDate>
		</u5:CommonData>
		<u5:CreditCards>
			<u5:CreditLimit></u5:CreditLimit>
			<u5:Balance></u5:Balance>
			<u5:OverdueAmount></u5:OverdueAmount>
			<u5:MinimumPaymentPercentage></u5:MinimumPaymentPercentage>
			<u5:CardUsedFlag></u5:CardUsedFlag>
			<u5:MinimumPaymentFlag></u5:MinimumPaymentFlag>
			<u5:PaymentFrequency></u5:PaymentFrequency>
			<u5:DaysPaymentDelay></u5:DaysPaymentDelay>
			<u5:PaymentDueDate></u5:PaymentDueDate>
			<u5:StatementDueAmount></u5:StatementDueAmount>
			<u5:ActualPaymentAmount></u5:ActualPaymentAmount>
		</u5:CreditCards>
	</u5:Contract>
</u5:MU_REQ>]]></urn1:MGRequest>
   </soapenv:Body>
</soapenv:Envelope>
